URUNID;MIKTAR;FIRMAID;SEHIR;URUNTIPIID;SIPARISTARIHI;GELDIGITARIHI;TEDARIKSURESI
K477;1;T-029;BURSA;1;8 Temmuz 2019 Pazartesi;10 Temmuz 2019 Çarşamba;2
K669;1;T-016;İSTANBUL;1;12 Temmuz 2019 Cuma;16 Temmuz 2019 Salı;4
K75;1;T-018;İSTANBUL;1;21 Ağustos 2019 Çarşamba;22 Ağustos 2019 Perşembe;1
K669;1;T-016;İSTANBUL;1;19 Ağustos 2019 Pazartesi;20 Ağustos 2019 Salı;1
K513;1;T-034;İSTANBUL;1;3 Eylül 2019 Salı;4 Eylül 2019 Çarşamba;1
K669;1;T-0211;KOCAELİ;1;6 Eylül 2019 Cuma;9 Eylül 2019 Pazartesi;3
K669;1;T-0211;KOCAELİ;1;9 Eylül 2019 Pazartesi;12 Eylül 2019 Perşembe;3
K669;1;T-0211;KOCAELİ;1;16 Eylül 2019 Pazartesi;17 Eylül 2019 Salı;1
K669;1;T-0211;KOCAELİ;1;26 Eylül 2019 Perşembe;27 Eylül 2019 Cuma;1
K637;1;T-015;İSTANBUL;1;20 Eylül 2019 Cuma;27 Eylül 2019 Cuma;7
K335;1;T-015;İSTANBUL;1;30 Eylül 2019 Pazartesi;1 Ekim 2019 Salı;1
K407;1;T-0133;İSTANBUL;1;30 Eylül 2019 Pazartesi;1 Ekim 2019 Salı;1
K669;1;T-0211;KOCAELİ;1;3 Ekim 2019 Perşembe;4 Ekim 2019 Cuma;1
K669;1;T-0211;KOCAELİ;1;18 Ekim 2019 Cuma;21 Ekim 2019 Pazartesi;3
K669;1;T-0211;KOCAELİ;1;24 Ekim 2019 Perşembe;25 Ekim 2019 Cuma;1
K669;1;T-0211;KOCAELİ;1;7 Kasım 2019 Perşembe;8 Kasım 2019 Cuma;1
K669;1;T-0211;KOCAELİ;1;18 Kasım 2019 Pazartesi;19 Kasım 2019 Salı;1
K669;1;T-0211;KOCAELİ;1;25 Kasım 2019 Pazartesi;26 Kasım 2019 Salı;1
K669;1;T-0211;KOCAELİ;1;10 Aralık 2019 Salı;11 Aralık 2019 Çarşamba;1
K669;1;T-0211;KOCAELİ;1;3 Aralık 2019 Salı;4 Aralık 2019 Çarşamba;1
K75;1;T-018;İSTANBUL;1;9 Aralık 2019 Pazartesi;10 Aralık 2019 Salı;1
K522;1;T-034;İSTANBUL;1;20 Aralık 2019 Cuma;25 Aralık 2019 Çarşamba;5
K477;1;T-029;BURSA;1;26 Aralık 2019 Perşembe;27 Aralık 2019 Cuma;1
K669;1;T-0211;KOCAELİ;1;2 Ocak 2020 Perşembe;7 Ocak 2020 Salı;5
K669;1;T-0211;KOCAELİ;1;14 Ocak 2020 Salı;15 Ocak 2020 Çarşamba;1
K669;1;T-0211;KOCAELİ;1;21 Ocak 2020 Salı;22 Ocak 2020 Çarşamba;1
K637;1;T-015;İSTANBUL;1;21 Ocak 2020 Salı;24 Ocak 2020 Cuma;3
K669;1;T-0211;KOCAELİ;1;30 Ocak 2020 Perşembe;31 Ocak 2020 Cuma;1
K477;1;T-029;BURSA;1;31 Ocak 2020 Cuma;3 Şubat 2020 Pazartesi;3
K669;1;T-0211;KOCAELİ;1;6 Şubat 2020 Perşembe;7 Şubat 2020 Cuma;1
K335;1;T-015;İSTANBUL;1;10 Şubat 2020 Pazartesi;11 Şubat 2020 Salı;1
K669;1;T-0211;KOCAELİ;1;20 Şubat 2020 Perşembe;21 Şubat 2020 Cuma;1
K669;1;T-0211;KOCAELİ;1;26 Şubat 2020 Çarşamba;27 Şubat 2020 Perşembe;1
K628;1;T-015;İSTANBUL;1;4 Mart 2020 Çarşamba;5 Mart 2020 Perşembe;1
K669;1;T-0211;KOCAELİ;1;5 Mart 2020 Perşembe;10 Mart 2020 Salı;5
K669;1;T-0211;KOCAELİ;1;16 Mart 2020 Pazartesi;18 Mart 2020 Çarşamba;2
K120;1;T-036;İSTANBUL;1;5 Mart 2020 Perşembe;10 Mart 2020 Salı;5
K746;1;T-0129;TEKİRDAĞ;1;9 Mart 2020 Pazartesi;10 Mart 2020 Salı;1
K669;1;T-0211;KOCAELİ;1;31 Mart 2020 Salı;1 Nisan 2020 Çarşamba;1
K422;1;T-0152;TEKİRDAĞ;1;31 Mart 2020 Salı;6 Nisan 2020 Pazartesi;6
K477;1;T-029;BURSA;1;6 Nisan 2020 Pazartesi;8 Nisan 2020 Çarşamba;2
K669;1;T-0211;KOCAELİ;1;28 Nisan 2020 Salı;29 Nisan 2020 Çarşamba;1
K997;1;T-029;BURSA;1;28 Nisan 2020 Salı;29 Nisan 2020 Çarşamba;1
K477;1;T-029;BURSA;1;28 Nisan 2020 Salı;29 Nisan 2020 Çarşamba;1
K335;1;T-015;İSTANBUL;1;6 Mayıs 2020 Çarşamba;7 Mayıs 2020 Perşembe;1
K669;1;T-0211;KOCAELİ;1;11 Mayıs 2020 Pazartesi;12 Mayıs 2020 Salı;1
K669;1;T-0211;KOCAELİ;1;22 Haziran 2020 Pazartesi;23 Haziran 2020 Salı;1
K669;1;T-0211;KOCAELİ;1;6 Temmuz 2020 Pazartesi;7 Temmuz 2020 Salı;1
K669;1;T-0211;KOCAELİ;1;13 Temmuz 2020 Pazartesi;14 Temmuz 2020 Salı;1
K730;1;T-060;TEKİRDAĞ;1;10 Ağustos 2020 Pazartesi;11 Ağustos 2020 Salı;1
K669;1;T-0211;KOCAELİ;1;11 Ağustos 2020 Salı;12 Ağustos 2020 Çarşamba;1
K730;1;T-060;TEKİRDAĞ;1;18 Ağustos 2020 Salı;19 Ağustos 2020 Çarşamba;1
K669;1;T-0211;KOCAELİ;1;31 Ağustos 2020 Pazartesi;1 Eylül 2020 Salı;1
K407;1;T-0133;İSTANBUL;1;4 Eylül 2020 Cuma;10 Eylül 2020 Perşembe;6
K730;1;T-060;TEKİRDAĞ;1;8 Eylül 2020 Salı;9 Eylül 2020 Çarşamba;1
K669;1;T-0211;KOCAELİ;1;7 Eylül 2020 Pazartesi;8 Eylül 2020 Salı;1
K669;1;T-0211;KOCAELİ;1;11 Eylül 2020 Cuma;14 Eylül 2020 Pazartesi;3
K730;1;T-060;TEKİRDAĞ;1;14 Eylül 2020 Pazartesi;15 Eylül 2020 Salı;1
K730;1;T-060;TEKİRDAĞ;1;16 Eylül 2020 Çarşamba;17 Eylül 2020 Perşembe;1
K788;1;T-060;TEKİRDAĞ;1;18 Eylül 2020 Cuma;21 Eylül 2020 Pazartesi;3
K120;1;T-036;İSTANBUL;1;21 Eylül 2020 Pazartesi;22 Eylül 2020 Salı;1
K407;1;T-0133;İSTANBUL;1;19 Eylül 2020 Cumartesi;22 Eylül 2020 Salı;3
K669;1;T-0211;KOCAELİ;1;23 Eylül 2020 Çarşamba;24 Eylül 2020 Perşembe;1
K788;1;T-060;TEKİRDAĞ;1;23 Eylül 2020 Çarşamba;24 Eylül 2020 Perşembe;1
K730;1;T-060;TEKİRDAĞ;1;23 Eylül 2020 Çarşamba;24 Eylül 2020 Perşembe;1
K730;1;T-060;TEKİRDAĞ;1;1 Ekim 2020 Perşembe;2 Ekim 2020 Cuma;1
K669;1;T-0211;KOCAELİ;1;8 Ekim 2020 Perşembe;9 Ekim 2020 Cuma;1
K788;1;T-060;TEKİRDAĞ;1;8 Ekim 2020 Perşembe;12 Ekim 2020 Pazartesi;4
K669;1;T-0211;KOCAELİ;1;15 Ekim 2020 Perşembe;16 Ekim 2020 Cuma;1
K730;1;T-060;TEKİRDAĞ;1;19 Ekim 2020 Pazartesi;20 Ekim 2020 Salı;1
K669;1;T-0211;KOCAELİ;1;21 Ekim 2020 Çarşamba;22 Ekim 2020 Perşembe;1
K730;1;T-060;TEKİRDAĞ;1;22 Ekim 2020 Perşembe;23 Ekim 2020 Cuma;1
K788;1;T-060;TEKİRDAĞ;1;26 Ekim 2020 Pazartesi;27 Ekim 2020 Salı;1
K522;1;T-034;İSTANBUL;1;23 Ekim 2020 Cuma;27 Ekim 2020 Salı;4
K669;1;T-0211;KOCAELİ;1;27 Ekim 2020 Salı;30 Ekim 2020 Cuma;3
K335;1;T-015;İSTANBUL;1;30 Ekim 2020 Cuma;31 Ekim 2020 Cumartesi;1
K669;1;T-0211;KOCAELİ;1;3 Kasım 2020 Salı;4 Kasım 2020 Çarşamba;1
K746;1;T-0129;TEKİRDAĞ;1;2 Kasım 2020 Pazartesi;3 Kasım 2020 Salı;1
K390;1;T-060;TEKİRDAĞ;1;3 Kasım 2020 Salı;6 Kasım 2020 Cuma;3
K669;1;T-0211;KOCAELİ;1;9 Kasım 2020 Pazartesi;10 Kasım 2020 Salı;1
K730;1;T-060;TEKİRDAĞ;1;13 Kasım 2020 Cuma;16 Kasım 2020 Pazartesi;3
K746;1;T-0129;TEKİRDAĞ;1;19 Kasım 2020 Perşembe;20 Kasım 2020 Cuma;1
K669;1;T-0211;KOCAELİ;1;23 Kasım 2020 Pazartesi;24 Kasım 2020 Salı;1
K788;1;T-060;TEKİRDAĞ;1;23 Kasım 2020 Pazartesi;25 Kasım 2020 Çarşamba;2
K788;1;T-060;TEKİRDAĞ;1;25 Kasım 2020 Çarşamba;26 Kasım 2020 Perşembe;1
K407;1;T-0133;İSTANBUL;1;3 Aralık 2020 Perşembe;4 Aralık 2020 Cuma;1
K669;1;T-0211;KOCAELİ;1;9 Aralık 2020 Çarşamba;10 Aralık 2020 Perşembe;1
K669;1;T-0211;KOCAELİ;1;16 Aralık 2020 Çarşamba;17 Aralık 2020 Perşembe;1
K788;1;T-060;TEKİRDAĞ;1;18 Aralık 2020 Cuma;21 Aralık 2020 Pazartesi;3
K669;1;T-0211;KOCAELİ;1;24 Aralık 2020 Perşembe;25 Aralık 2020 Cuma;1
K788;1;T-060;TEKİRDAĞ;1;14 Ocak 2021 Perşembe;18 Ocak 2021 Pazartesi;4
K669;1;T-0211;KOCAELİ;1;15 Ocak 2021 Cuma;19 Ocak 2021 Salı;4
K669;1;T-0211;KOCAELİ;1;25 Ocak 2021 Pazartesi;26 Ocak 2021 Salı;1
K513;1;T-034;İSTANBUL;1;19 Ocak 2021 Salı;23 Ocak 2021 Cumartesi;4
K628;1;T-015;İSTANBUL;1;29 Ocak 2021 Cuma;2 Şubat 2021 Salı;4
K730;1;T-060;TEKİRDAĞ;1;1 Şubat 2021 Pazartesi;2 Şubat 2021 Salı;1
K669;1;T-0211;KOCAELİ;1;2 Şubat 2021 Salı;4 Şubat 2021 Perşembe;2
K669;1;T-0211;KOCAELİ;1;12 Şubat 2021 Cuma;15 Şubat 2021 Pazartesi;3
K669;1;T-0211;KOCAELİ;1;18 Şubat 2021 Perşembe;19 Şubat 2021 Cuma;1
K522;1;T-034;İSTANBUL;1;24 Şubat 2021 Çarşamba;25 Şubat 2021 Perşembe;1
K669;1;T-0211;KOCAELİ;1;17 Mart 2021 Çarşamba;18 Mart 2021 Perşembe;1
K669;1;T-0211;KOCAELİ;1;1 Mart 2021 Pazartesi;2 Mart 2021 Salı;1
K628;1;T-015;İSTANBUL;1;1 Mart 2021 Pazartesi;3 Mart 2021 Çarşamba;2
K730;1;T-060;TEKİRDAĞ;1;26 Şubat 2021 Cuma;3 Mart 2021 Çarşamba;5
K730;1;T-060;TEKİRDAĞ;1;1 Mart 2021 Pazartesi;3 Mart 2021 Çarşamba;2
K669;1;T-0211;KOCAELİ;1;8 Mart 2021 Pazartesi;9 Mart 2021 Salı;1
K1084;1;T-0211;KOCAELİ;1;8 Mart 2021 Pazartesi;9 Mart 2021 Salı;1
K788;1;T-060;TEKİRDAĞ;1;11 Mart 2021 Perşembe;15 Mart 2021 Pazartesi;4
K407;1;T-0133;İSTANBUL;1;15 Mart 2021 Pazartesi;16 Mart 2021 Salı;1
K730;1;T-060;TEKİRDAĞ;1;18 Mart 2021 Perşembe;19 Mart 2021 Cuma;1
K788;1;T-060;TEKİRDAĞ;1;22 Mart 2021 Pazartesi;23 Mart 2021 Salı;1
K669;1;T-0211;KOCAELİ;1;23 Mart 2021 Salı;30 Mart 2021 Salı;7
K730;1;T-0142;;1;31 Mart 2021 Çarşamba;1 Nisan 2021 Perşembe;1
K669;1;T-0211;KOCAELİ;1;31 Mart 2021 Çarşamba;1 Nisan 2021 Perşembe;1
K730;1;T-0142;;1;31 Mart 2021 Çarşamba;7 Nisan 2021 Çarşamba;7
K788;1;T-060;TEKİRDAĞ;1;5 Nisan 2021 Pazartesi;8 Nisan 2021 Perşembe;3
K730;1;T-0142;;1;5 Nisan 2021 Pazartesi;9 Nisan 2021 Cuma;4
K522;1;T-034;İSTANBUL;1;8 Nisan 2021 Perşembe;12 Nisan 2021 Pazartesi;4
K390;1;T-0142;;1;6 Nisan 2021 Salı;13 Nisan 2021 Salı;7
K730;1;T-0142;;1;13 Nisan 2021 Salı;14 Nisan 2021 Çarşamba;1
K628;1;T-015;İSTANBUL;1;20 Nisan 2021 Salı;21 Nisan 2021 Çarşamba;1
K669;1;T-0211;KOCAELİ;1;20 Nisan 2021 Salı;21 Nisan 2021 Çarşamba;1
K730;1;T-0142;;1;20 Nisan 2021 Salı;21 Nisan 2021 Çarşamba;1
K669;1;T-0211;KOCAELİ;1;27 Nisan 2021 Salı;28 Nisan 2021 Çarşamba;1
K730;1;T-0142;;1;27 Nisan 2021 Salı;29 Nisan 2021 Perşembe;2
K788;1;T-060;TEKİRDAĞ;1;29 Nisan 2021 Perşembe;5 Mayıs 2021 Çarşamba;6
K75;1;T-018;İSTANBUL;1;5 Mayıs 2021 Çarşamba;6 Mayıs 2021 Perşembe;1
K1092;1;T-0211;KOCAELİ;1;5 Mayıs 2021 Çarşamba;6 Mayıs 2021 Perşembe;1
K335;1;T-015;İSTANBUL;1;10 Mayıs 2021 Pazartesi;17 Mayıs 2021 Pazartesi;7
K1092;1;T-0211;KOCAELİ;1;17 Mayıs 2021 Pazartesi;18 Mayıs 2021 Salı;1
K1092;1;T-0211;KOCAELİ;1;20 Mayıs 2021 Perşembe;21 Mayıs 2021 Cuma;1
K1092;1;T-0211;KOCAELİ;1;27 Mayıs 2021 Perşembe;28 Mayıs 2021 Cuma;1
K628;1;T-015;İSTANBUL;1;26 Mayıs 2021 Çarşamba;28 Mayıs 2021 Cuma;2
K788;1;T-060;TEKİRDAĞ;1;1 Haziran 2021 Salı;7 Haziran 2021 Pazartesi;6
K1092;1;T-0211;KOCAELİ;1;3 Haziran 2021 Perşembe;7 Haziran 2021 Pazartesi;4
K390;1;T-060;TEKİRDAĞ;1;4 Haziran 2021 Cuma;8 Haziran 2021 Salı;4
K730;1;T-060;TEKİRDAĞ;1;7 Haziran 2021 Pazartesi;9 Haziran 2021 Çarşamba;2
K1092;1;T-0211;KOCAELİ;1;9 Haziran 2021 Çarşamba;11 Haziran 2021 Cuma;2
K75;1;T-018;İSTANBUL;1;14 Haziran 2021 Pazartesi;15 Haziran 2021 Salı;1
K628;1;T-015;İSTANBUL;1;11 Haziran 2021 Cuma;15 Haziran 2021 Salı;4
K1092;1;T-0211;KOCAELİ;1;15 Haziran 2021 Salı;16 Haziran 2021 Çarşamba;1
K730;1;T-060;TEKİRDAĞ;1;17 Haziran 2021 Perşembe;21 Haziran 2021 Pazartesi;4
K1092;1;T-0211;KOCAELİ;1;22 Haziran 2021 Salı;23 Haziran 2021 Çarşamba;1
K730;1;T-060;TEKİRDAĞ;1;24 Haziran 2021 Perşembe;26 Haziran 2021 Cumartesi;2
K730;1;T-060;TEKİRDAĞ;1;25 Haziran 2021 Cuma;26 Haziran 2021 Cumartesi;1
K1092;1;T-0211;KOCAELİ;1;25 Haziran 2021 Cuma;28 Haziran 2021 Pazartesi;3
K628;1;T-015;İSTANBUL;1;28 Haziran 2021 Pazartesi;29 Haziran 2021 Salı;1
K390;1;T-060;TEKİRDAĞ;1;28 Haziran 2021 Pazartesi;30 Haziran 2021 Çarşamba;2
K1092;1;T-0211;KOCAELİ;1;1 Temmuz 2021 Perşembe;2 Temmuz 2021 Cuma;1
K407;1;T-0133;İSTANBUL;1;1 Temmuz 2021 Perşembe;2 Temmuz 2021 Cuma;1
K788;1;T-060;TEKİRDAĞ;1;5 Temmuz 2021 Pazartesi;7 Temmuz 2021 Çarşamba;2
K788;1;T-060;TEKİRDAĞ;1;5 Temmuz 2021 Pazartesi;8 Temmuz 2021 Perşembe;3
K1092;1;T-0211;KOCAELİ;1;8 Temmuz 2021 Perşembe;9 Temmuz 2021 Cuma;1
K1092;1;T-0211;KOCAELİ;1;28 Temmuz 2021 Çarşamba;3 Ağustos 2021 Salı;6
K628;1;T-015;İSTANBUL;1;4 Ağustos 2021 Çarşamba;6 Ağustos 2021 Cuma;2
K1092;1;T-0211;KOCAELİ;1;5 Ağustos 2021 Perşembe;6 Ağustos 2021 Cuma;1
K1010;1;T-0211;KOCAELİ;1;5 Ağustos 2021 Perşembe;6 Ağustos 2021 Cuma;1
K788;1;T-060;TEKİRDAĞ;1;6 Ağustos 2021 Cuma;10 Ağustos 2021 Salı;4
K522;1;T-034;İSTANBUL;1;10 Ağustos 2021 Salı;11 Ağustos 2021 Çarşamba;1
K1092;1;T-0211;KOCAELİ;1;19 Ağustos 2021 Perşembe;20 Ağustos 2021 Cuma;1
K730;1;T-060;TEKİRDAĞ;1;10 Ağustos 2021 Salı;13 Ağustos 2021 Cuma;3
K1092;1;T-0211;KOCAELİ;1;16 Ağustos 2021 Pazartesi;17 Ağustos 2021 Salı;1
K1092;1;T-0211;KOCAELİ;1;26 Ağustos 2021 Perşembe;27 Ağustos 2021 Cuma;1
K788;1;T-060;TEKİRDAĞ;1;27 Ağustos 2021 Cuma;2 Eylül 2021 Perşembe;6
K1092;1;T-0211;KOCAELİ;1;6 Eylül 2021 Pazartesi;7 Eylül 2021 Salı;1
K1092;1;T-0211;KOCAELİ;1;9 Eylül 2021 Perşembe;10 Eylül 2021 Cuma;1
K730;1;T-060;TEKİRDAĞ;1;8 Eylül 2021 Çarşamba;10 Eylül 2021 Cuma;2
K522;1;T-034;İSTANBUL;1;14 Eylül 2021 Salı;15 Eylül 2021 Çarşamba;1
K1092;1;T-0211;KOCAELİ;1;20 Eylül 2021 Pazartesi;21 Eylül 2021 Salı;1
K390;1;T-060;TEKİRDAĞ;1;23 Eylül 2021 Perşembe;24 Eylül 2021 Cuma;1
K1092;1;T-0211;KOCAELİ;1;27 Eylül 2021 Pazartesi;28 Eylül 2021 Salı;1
K1092;1;T-0211;KOCAELİ;1;5 Ekim 2021 Salı;6 Ekim 2021 Çarşamba;1
K1010;1;T-0211;KOCAELİ;1;5 Ekim 2021 Salı;6 Ekim 2021 Çarşamba;1
K730;1;T-060;TEKİRDAĞ;1;5 Ekim 2021 Salı;8 Ekim 2021 Cuma;3
K730;1;T-060;TEKİRDAĞ;1;5 Ekim 2021 Salı;8 Ekim 2021 Cuma;3
K335;1;T-015;İSTANBUL;1;12 Ekim 2021 Salı;14 Ekim 2021 Perşembe;2
K1092;1;T-0211;KOCAELİ;1;11 Ekim 2021 Pazartesi;15 Ekim 2021 Cuma;4
K522;1;T-034;İSTANBUL;1;14 Ekim 2021 Perşembe;15 Ekim 2021 Cuma;1
K1092;1;T-0211;KOCAELİ;1;15 Ekim 2021 Cuma;21 Ekim 2021 Perşembe;6
K522;1;T-034;İSTANBUL;1;22 Ekim 2021 Cuma;23 Ekim 2021 Cumartesi;1
K1092;1;T-0211;KOCAELİ;1;22 Ekim 2021 Cuma;25 Ekim 2021 Pazartesi;3
K997;1;T-029;BURSA;1;21 Ekim 2021 Perşembe;25 Ekim 2021 Pazartesi;4
K427;1;T-077;İSTANBUL;1;9 Kasım 2021 Salı;10 Kasım 2021 Çarşamba;1
K1092;1;T-0211;KOCAELİ;1;4 Kasım 2021 Perşembe;11 Kasım 2021 Perşembe;7
K746;1;T-0129;TEKİRDAĞ;1;18 Kasım 2021 Perşembe;19 Kasım 2021 Cuma;1
K788;1;T-060;TEKİRDAĞ;1;12 Kasım 2021 Cuma;23 Kasım 2021 Salı;11
K788;1;T-060;TEKİRDAĞ;1;19 Kasım 2021 Cuma;23 Kasım 2021 Salı;4
K1092;1;T-0211;KOCAELİ;1;18 Kasım 2021 Perşembe;25 Kasım 2021 Perşembe;7
K730;1;T-060;TEKİRDAĞ;1;2 Aralık 2021 Perşembe;3 Aralık 2021 Cuma;1
K750;1;T-029;BURSA;1;8 Aralık 2021 Çarşamba;9 Aralık 2021 Perşembe;1
K1010;1;T-0211;KOCAELİ;1;21 Aralık 2021 Salı;22 Aralık 2021 Çarşamba;1
K1092;1;T-0211;KOCAELİ;1;17 Aralık 2021 Cuma;23 Aralık 2021 Perşembe;6
K746;1;T-0129;TEKİRDAĞ;1;23 Aralık 2021 Perşembe;24 Aralık 2021 Cuma;1
K522;1;T-034;İSTANBUL;1;30 Aralık 2021 Perşembe;5 Ocak 2022 Çarşamba;6
K522;1;T-034;İSTANBUL;1;30 Aralık 2021 Perşembe;13 Ocak 2022 Perşembe;14
K1092;1;T-0211;KOCAELİ;1;3 Ocak 2022 Pazartesi;21 Ocak 2022 Cuma;18
K788;1;T-060;TEKİRDAĞ;1;13 Ocak 2022 Perşembe;25 Ocak 2022 Salı;12
K788;1;T-060;TEKİRDAĞ;1;13 Ocak 2022 Perşembe;28 Ocak 2022 Cuma;15
K1092;1;T-0211;KOCAELİ;1;1 Şubat 2022 Salı;2 Şubat 2022 Çarşamba;1
K390;1;T-060;TEKİRDAĞ;1;7 Şubat 2022 Pazartesi;8 Şubat 2022 Salı;1
K1092;1;T-0211;KOCAELİ;1;9 Şubat 2022 Çarşamba;10 Şubat 2022 Perşembe;1
K427;1;T-077;İSTANBUL;1;15 Şubat 2022 Salı;16 Şubat 2022 Çarşamba;1
K1092;1;T-0211;KOCAELİ;1;21 Şubat 2022 Pazartesi;22 Şubat 2022 Salı;1
K1108;1;T-029;BURSA;1;16 Şubat 2022 Çarşamba;23 Şubat 2022 Çarşamba;7
K1108;1;T-029;BURSA;1;16 Şubat 2022 Çarşamba;2 Mart 2022 Çarşamba;14
K730;1;T-060;TEKİRDAĞ;1;2 Mart 2022 Çarşamba;3 Mart 2022 Perşembe;1
K1108;1;T-029;BURSA;1;4 Mart 2022 Cuma;5 Mart 2022 Cumartesi;1
K1092;1;T-0211;KOCAELİ;1;14 Mart 2022 Pazartesi;15 Mart 2022 Salı;1
K1010;1;T-0211;KOCAELİ;1;14 Mart 2022 Pazartesi;15 Mart 2022 Salı;1
K407;1;T-0133;İSTANBUL;1;7 Mart 2022 Pazartesi;14 Mart 2022 Pazartesi;7
K1092;1;T-0211;KOCAELİ;1;21 Mart 2022 Pazartesi;22 Mart 2022 Salı;1
K746;1;T-0129;TEKİRDAĞ;1;21 Mart 2022 Pazartesi;22 Mart 2022 Salı;1
K730;1;T-0142;;1;22 Mart 2022 Salı;24 Mart 2022 Perşembe;2
K746;1;T-0129;TEKİRDAĞ;1;11 Nisan 2022 Pazartesi;12 Nisan 2022 Salı;1
K1092;1;T-0211;KOCAELİ;1;14 Nisan 2022 Perşembe;15 Nisan 2022 Cuma;1
K1010;1;T-0211;KOCAELİ;1;18 Nisan 2022 Pazartesi;19 Nisan 2022 Salı;1
K1092;1;T-0211;KOCAELİ;1;26 Nisan 2022 Salı;27 Nisan 2022 Çarşamba;1
K407;1;T-0133;İSTANBUL;1;25 Nisan 2022 Pazartesi;27 Nisan 2022 Çarşamba;2
K788;1;T-060;TEKİRDAĞ;1;12 Nisan 2022 Salı;9 Mayıs 2022 Pazartesi;27
K1092;1;T-0211;KOCAELİ;1;18 Mayıs 2022 Çarşamba;20 Mayıs 2022 Cuma;2
K522;1;T-034;İSTANBUL;1;18 Mayıs 2022 Çarşamba;23 Mayıs 2022 Pazartesi;5
K407;1;T-0133;İSTANBUL;1;23 Mayıs 2022 Pazartesi;24 Mayıs 2022 Salı;1
K1010;1;T-0211;KOCAELİ;1;26 Mayıs 2022 Perşembe;27 Mayıs 2022 Cuma;1
K1092;1;T-0211;KOCAELİ;1;26 Mayıs 2022 Perşembe;31 Mayıs 2022 Salı;5
K730;1;T-060;TEKİRDAĞ;1;1 Haziran 2022 Çarşamba;2 Haziran 2022 Perşembe;1
K1092;1;T-0211;KOCAELİ;1;3 Haziran 2022 Cuma;6 Haziran 2022 Pazartesi;3
K9;1;T-060;TEKİRDAĞ;1;6 Haziran 2022 Pazartesi;7 Haziran 2022 Salı;1
K1092;1;T-0211;KOCAELİ;1;9 Haziran 2022 Perşembe;10 Haziran 2022 Cuma;1
K9;1;T-060;TEKİRDAĞ;1;16 Haziran 2022 Perşembe;20 Haziran 2022 Pazartesi;4
K700;1;T22;TEKİRDAĞ;1;8 Ekim 2019 Salı;9 Ekim 2019 Çarşamba;1
K700;1;T22;TEKİRDAĞ;1;12 Mart 2020 Perşembe;13 Mart 2020 Cuma;1
K700;1;T22;TEKİRDAĞ;1;21 Ekim 2020 Çarşamba;22 Ekim 2020 Perşembe;1
K700;1;T22;TEKİRDAĞ;1;24 Mart 2021 Çarşamba;25 Mart 2021 Perşembe;1
K700;1;T22;TEKİRDAĞ;1;6 Nisan 2021 Salı;7 Nisan 2021 Çarşamba;1
K700;1;T22;TEKİRDAĞ;1;26 Mayıs 2021 Çarşamba;27 Mayıs 2021 Perşembe;1
K700;1;T22;TEKİRDAĞ;1;1 Aralık 2021 Çarşamba;2 Aralık 2021 Perşembe;1
K700;1;T22;TEKİRDAĞ;1;10 Aralık 2021 Cuma;13 Aralık 2021 Pazartesi;3
K407;1;T-0133;İSTANBUL;1;11 Ocak 2021 Pazartesi;12 Ocak 2021 Salı;1
K669;1;T-0211;KOCAELİ;1;10 Ekim 2019 Perşembe;15 Ekim 2019 Salı;5
K390;1;T-0142;;1;28 Mart 2022 Pazartesi;29 Mart 2022 Salı;1
K390;1;T-0142;;1;20 Nisan 2022 Çarşamba;21 Nisan 2022 Perşembe;1
K28;1;T-036;İSTANBUL;1;13 Temmuz 2019 Cumartesi;16 Temmuz 2019 Salı;3
K28;1;T-036;İSTANBUL;1;13 Ocak 2020 Pazartesi;14 Ocak 2020 Salı;1
K28;1;T-036;İSTANBUL;1;2 Temmuz 2020 Perşembe;6 Temmuz 2020 Pazartesi;4
K28;1;T-036;İSTANBUL;1;19 Ağustos 2020 Çarşamba;21 Ağustos 2020 Cuma;2
K28;1;T-036;İSTANBUL;1;21 Eylül 2020 Pazartesi;22 Eylül 2020 Salı;1
K28;1;T-036;İSTANBUL;1;18 Kasım 2020 Çarşamba;20 Kasım 2020 Cuma;2
K28;1;T-036;İSTANBUL;1;12 Şubat 2021 Cuma;19 Şubat 2021 Cuma;7
K28;1;T-036;İSTANBUL;1;12 Nisan 2021 Pazartesi;13 Nisan 2021 Salı;1
K28;1;T-036;İSTANBUL;1;27 Nisan 2021 Salı;28 Nisan 2021 Çarşamba;1
K28;1;T-036;İSTANBUL;1;27 Mayıs 2021 Perşembe;1 Haziran 2021 Salı;5
K28;1;T-036;İSTANBUL;1;28 Haziran 2021 Pazartesi;30 Haziran 2021 Çarşamba;2
K28;1;T-036;İSTANBUL;1;31 Ağustos 2021 Salı;1 Eylül 2021 Çarşamba;1
BY-287;1;T-015;İSTANBUL;0;12 Haziran 2019 Çarşamba;14 Haziran 2019 Cuma;2
K980;1;T-036;İSTANBUL;1;5 Mart 2020 Perşembe;10 Mart 2020 Salı;5
K26;1;T-036;İSTANBUL;1;12 Şubat 2021 Cuma;11 Mart 2021 Perşembe;27
BY-287;1;T-015;İSTANBUL;0;26 Mart 2021 Cuma;27 Mart 2021 Cumartesi;1
BY-287;1;T-015;İSTANBUL;0;4 Haziran 2021 Cuma;5 Haziran 2021 Cumartesi;1
BY-287;1;T-015;İSTANBUL;0;9 Temmuz 2021 Cuma;10 Temmuz 2021 Cumartesi;1
BY-287;1;T-015;İSTANBUL;0;28 Eylül 2021 Salı;29 Eylül 2021 Çarşamba;1
K389;1;T-060;TEKİRDAĞ;1;21 Aralık 2021 Salı;22 Aralık 2021 Çarşamba;1
K1113;1;T-0127;İSTANBUL;1;8 Nisan 2022 Cuma;11 Nisan 2022 Pazartesi;3
BY-287;2;T-015;İSTANBUL;0;12 Temmuz 2021 Pazartesi;13 Temmuz 2021 Salı;1
K203;2;T-038;İSTANBUL;1;13 Haziran 2019 Perşembe;17 Haziran 2019 Pazartesi;4
K730;2;T-060;TEKİRDAĞ;1;30 Ekim 2020 Cuma;3 Kasım 2020 Salı;4
K730;2;T-060;TEKİRDAĞ;1;9 Kasım 2020 Pazartesi;10 Kasım 2020 Salı;1
K730;2;T-060;TEKİRDAĞ;1;25 Kasım 2020 Çarşamba;27 Kasım 2020 Cuma;2
K730;2;T-060;TEKİRDAĞ;1;18 Aralık 2020 Cuma;21 Aralık 2020 Pazartesi;3
K730;2;T-060;TEKİRDAĞ;1;22 Mart 2021 Pazartesi;23 Mart 2021 Salı;1
K788;2;T-060;TEKİRDAĞ;1;20 Mayıs 2021 Perşembe;24 Mayıs 2021 Pazartesi;4
K730;2;T-0142;;1;20 Mayıs 2021 Perşembe;24 Mayıs 2021 Pazartesi;4
K730;2;T-060;TEKİRDAĞ;1;1 Haziran 2021 Salı;4 Haziran 2021 Cuma;3
K730;2;T-060;TEKİRDAĞ;1;27 Temmuz 2021 Salı;29 Temmuz 2021 Perşembe;2
K730;2;T-060;TEKİRDAĞ;1;4 Ağustos 2021 Çarşamba;5 Ağustos 2021 Perşembe;1
K566;2;T-0108;İSTANBUL;1;2 Ağustos 2021 Pazartesi;3 Ağustos 2021 Salı;1
K565;2;T-0108;İSTANBUL;1;2 Ağustos 2021 Pazartesi;3 Ağustos 2021 Salı;1
K522;2;T-034;İSTANBUL;1;3 Eylül 2021 Cuma;7 Eylül 2021 Salı;4
K788;2;T-060;TEKİRDAĞ;1;5 Ekim 2021 Salı;6 Ekim 2021 Çarşamba;1
K522;2;T-034;İSTANBUL;1;7 Ekim 2021 Perşembe;11 Ekim 2021 Pazartesi;4
K522;2;T-034;İSTANBUL;1;14 Ekim 2021 Perşembe;15 Ekim 2021 Cuma;1
K788;2;T-060;TEKİRDAĞ;1;14 Ekim 2021 Perşembe;19 Ekim 2021 Salı;5
K788;2;T-060;TEKİRDAĞ;1;18 Ekim 2021 Pazartesi;19 Ekim 2021 Salı;1
K566;2;T-0108;İSTANBUL;1;13 Ekim 2021 Çarşamba;14 Ekim 2021 Perşembe;1
K565;2;T-0108;İSTANBUL;1;13 Ekim 2021 Çarşamba;14 Ekim 2021 Perşembe;1
K730;2;T-060;TEKİRDAĞ;1;14 Ekim 2021 Perşembe;21 Ekim 2021 Perşembe;7
K788;2;T-060;TEKİRDAĞ;1;26 Ekim 2021 Salı;27 Ekim 2021 Çarşamba;1
K730;2;T-060;TEKİRDAĞ;1;18 Ekim 2021 Pazartesi;1 Kasım 2021 Pazartesi;14
K730;2;T-060;TEKİRDAĞ;1;26 Ekim 2021 Salı;1 Kasım 2021 Pazartesi;6
K997;2;T-029;BURSA;1;8 Aralık 2021 Çarşamba;9 Aralık 2021 Perşembe;1
K730;2;T-060;TEKİRDAĞ;1;13 Aralık 2021 Pazartesi;15 Aralık 2021 Çarşamba;2
K788;2;T-060;TEKİRDAĞ;1;13 Aralık 2021 Pazartesi;15 Aralık 2021 Çarşamba;2
K730;2;T-060;TEKİRDAĞ;1;22 Aralık 2021 Çarşamba;24 Aralık 2021 Cuma;2
K730;2;T-060;TEKİRDAĞ;1;5 Ocak 2022 Çarşamba;10 Ocak 2022 Pazartesi;5
K730;2;T-060;TEKİRDAĞ;1;10 Ocak 2022 Pazartesi;11 Ocak 2022 Salı;1
K522;2;T-034;İSTANBUL;1;12 Ocak 2022 Çarşamba;13 Ocak 2022 Perşembe;1
K522;2;T-034;İSTANBUL;1;25 Ocak 2022 Salı;28 Ocak 2022 Cuma;3
K522;2;T-034;İSTANBUL;1;3 Şubat 2022 Perşembe;4 Şubat 2022 Cuma;1
K730;2;T-060;TEKİRDAĞ;1;11 Şubat 2022 Cuma;15 Şubat 2022 Salı;4
K788;2;T-060;TEKİRDAĞ;1;21 Şubat 2022 Pazartesi;23 Şubat 2022 Çarşamba;2
K788;2;T-060;TEKİRDAĞ;1;8 Mart 2022 Salı;10 Mart 2022 Perşembe;2
K730;2;T-060;TEKİRDAĞ;1;9 Mart 2022 Çarşamba;11 Mart 2022 Cuma;2
K1108;2;T-029;BURSA;1;28 Mart 2022 Pazartesi;6 Nisan 2022 Çarşamba;9
K730;2;T-0142;;1;27 Nisan 2022 Çarşamba;29 Nisan 2022 Cuma;2
K730;2;T-060;TEKİRDAĞ;1;18 Mayıs 2022 Çarşamba;20 Mayıs 2022 Cuma;2
K730;2;T-060;TEKİRDAĞ;1;25 Mayıs 2022 Çarşamba;27 Mayıs 2022 Cuma;2
K120;2;T-036;İSTANBUL;1;8 Aralık 2021 Çarşamba;10 Aralık 2021 Cuma;2
K120;2;T-036;İSTANBUL;1;12 Şubat 2021 Cuma;11 Mart 2021 Perşembe;27
K28;2;T-036;İSTANBUL;1;23 Ekim 2019 Çarşamba;29 Ekim 2019 Salı;6
K28;2;T-036;İSTANBUL;1;15 Ekim 2021 Cuma;21 Ekim 2021 Perşembe;6
K28;2;T-036;İSTANBUL;1;8 Aralık 2021 Çarşamba;10 Aralık 2021 Cuma;2
K28;2;T-036;İSTANBUL;1;10 Ocak 2022 Pazartesi;11 Ocak 2022 Salı;1
K28;2;T-036;İSTANBUL;1;9 Şubat 2022 Çarşamba;10 Şubat 2022 Perşembe;1
K28;2;T-036;İSTANBUL;1;7 Mart 2022 Pazartesi;15 Mart 2022 Salı;8
K28;2;T-036;İSTANBUL;1;9 Mayıs 2022 Pazartesi;11 Mayıs 2022 Çarşamba;2
K980;2;T-036;İSTANBUL;1;3 Aralık 2020 Perşembe;4 Aralık 2020 Cuma;1
K28;2;T-036;İSTANBUL;1;6 Eylül 2019 Cuma;11 Eylül 2019 Çarşamba;5
K26;2;T-036;İSTANBUL;1;12 Şubat 2021 Cuma;19 Şubat 2021 Cuma;7
K980;2;T-036;İSTANBUL;1;20 Aralık 2021 Pazartesi;24 Aralık 2021 Cuma;4
K730;3;T-060;TEKİRDAĞ;1;23 Ağustos 2021 Pazartesi;24 Ağustos 2021 Salı;1
K788;3;T-060;TEKİRDAĞ;1;21 Aralık 2021 Salı;22 Aralık 2021 Çarşamba;1
K730;3;T-060;TEKİRDAĞ;1;21 Aralık 2021 Salı;24 Aralık 2021 Cuma;3
K522;3;T-034;İSTANBUL;1;1 Haziran 2022 Çarşamba;3 Haziran 2022 Cuma;2
K730;3;T-060;TEKİRDAĞ;1;7 Haziran 2022 Salı;9 Haziran 2022 Perşembe;2
K26;4;T-036;İSTANBUL;1;13 Temmuz 2019 Cumartesi;16 Temmuz 2019 Salı;3
K26;4;T-036;İSTANBUL;1;6 Eylül 2019 Cuma;11 Eylül 2019 Çarşamba;5
K26;4;T-036;İSTANBUL;1;23 Ekim 2019 Çarşamba;29 Ekim 2019 Salı;6
K26;4;T-036;İSTANBUL;1;28 Kasım 2019 Perşembe;3 Aralık 2019 Salı;5
K26;4;T-036;İSTANBUL;1;13 Ocak 2020 Pazartesi;14 Ocak 2020 Salı;1
K26;4;T-036;İSTANBUL;1;12 Şubat 2020 Çarşamba;14 Şubat 2020 Cuma;2
K26;4;T-036;İSTANBUL;1;5 Mart 2020 Perşembe;10 Mart 2020 Salı;5
K26;4;T-036;İSTANBUL;1;2 Temmuz 2020 Perşembe;6 Temmuz 2020 Pazartesi;4
K26;4;T-036;İSTANBUL;1;19 Ağustos 2020 Çarşamba;21 Ağustos 2020 Cuma;2
K26;4;T-036;İSTANBUL;1;21 Eylül 2020 Pazartesi;22 Eylül 2020 Salı;1
K26;4;T-036;İSTANBUL;1;19 Ekim 2020 Pazartesi;26 Ekim 2020 Pazartesi;7
K26;4;T-036;İSTANBUL;1;18 Kasım 2020 Çarşamba;20 Kasım 2020 Cuma;2
K26;4;T-036;İSTANBUL;1;21 Aralık 2020 Pazartesi;22 Aralık 2020 Salı;1
K26;4;T-036;İSTANBUL;1;9 Mart 2021 Salı;19 Mart 2021 Cuma;10
K26;4;T-036;İSTANBUL;1;12 Nisan 2021 Pazartesi;13 Nisan 2021 Salı;1
K26;4;T-036;İSTANBUL;1;27 Nisan 2021 Salı;28 Nisan 2021 Çarşamba;1
K26;4;T-036;İSTANBUL;1;27 Mayıs 2021 Perşembe;1 Haziran 2021 Salı;5
K26;4;T-036;İSTANBUL;1;28 Haziran 2021 Pazartesi;30 Haziran 2021 Çarşamba;2
K26;4;T-036;İSTANBUL;1;2 Ağustos 2021 Pazartesi;4 Ağustos 2021 Çarşamba;2
K26;4;T-036;İSTANBUL;1;31 Ağustos 2021 Salı;1 Eylül 2021 Çarşamba;1
K26;4;T-036;İSTANBUL;1;15 Ekim 2021 Cuma;21 Ekim 2021 Perşembe;6
K26;4;T-036;İSTANBUL;1;8 Aralık 2021 Çarşamba;10 Aralık 2021 Cuma;2
K26;4;T-036;İSTANBUL;1;10 Ocak 2022 Pazartesi;11 Ocak 2022 Salı;1
K26;4;T-036;İSTANBUL;1;9 Şubat 2022 Çarşamba;10 Şubat 2022 Perşembe;1
K26;4;T-036;İSTANBUL;1;7 Mart 2022 Pazartesi;15 Mart 2022 Salı;8
K26;4;T-036;İSTANBUL;1;6 Nisan 2022 Çarşamba;12 Nisan 2022 Salı;6
K26;4;T-036;İSTANBUL;1;9 Mayıs 2022 Pazartesi;11 Mayıs 2022 Çarşamba;2
K26;4;T-036;İSTANBUL;1;31 Mayıs 2022 Salı;2 Haziran 2022 Perşembe;2
K266;4;MZ-258;İSTANBUL;1;9 Haziran 2021 Çarşamba;15 Haziran 2021 Salı;6
BY-804;5;T-077;İSTANBUL;0;27 Eylül 2021 Pazartesi;28 Eylül 2021 Salı;1
K980;5;T-036;İSTANBUL;1;8 Ocak 2021 Cuma;13 Ocak 2021 Çarşamba;5
K91;6;T-038;İSTANBUL;1;23 Temmuz 2019 Salı;24 Temmuz 2019 Çarşamba;1
MRL313;6;MZ-401;;0;15 Mayıs 2017 Pazartesi;18 Mayıs 2017 Perşembe;3
K980;6;T-036;İSTANBUL;1;21 Aralık 2020 Pazartesi;22 Aralık 2020 Salı;1
BY-823;6;T-077;İSTANBUL;0;4 Ekim 2021 Pazartesi;7 Ekim 2021 Perşembe;3
K980;7;T-036;İSTANBUL;1;8 Aralık 2020 Salı;9 Aralık 2020 Çarşamba;1
I24108;10;MZ-005;İSTANBUL;1;12 Aralık 2019 Perşembe;21 Aralık 2019 Cumartesi;9
K744;10;T-0108;İSTANBUL;1;7 Şubat 2020 Cuma;17 Şubat 2020 Pazartesi;10
K744;10;T-0108;İSTANBUL;1;13 Ekim 2021 Çarşamba;8 Kasım 2021 Pazartesi;26
K744;10;T-0108;İSTANBUL;1;13 Ekim 2021 Çarşamba;18 Kasım 2021 Perşembe;36
K1048;15;T-0219;BURSA;1;15 Ekim 2020 Perşembe;16 Ekim 2020 Cuma;1
K1057;18;T-0211;KOCAELİ;1;2 Temmuz 2020 Perşembe;3 Temmuz 2020 Cuma;1
K1057;18;T-0211;KOCAELİ;1;1 Şubat 2021 Pazartesi;2 Şubat 2021 Salı;1
K234;18;MZ-258;İSTANBUL;1;6 Ocak 2022 Perşembe;11 Ocak 2022 Salı;5
K914;20;T-0151;İSTANBUL;1;25 Haziran 2019 Salı;26 Haziran 2019 Çarşamba;1
K906;20;T-0151;İSTANBUL;1;25 Haziran 2019 Salı;26 Haziran 2019 Çarşamba;1
K930;20;T-060;TEKİRDAĞ;1;7 Eylül 2020 Pazartesi;9 Eylül 2020 Çarşamba;2
K1049;20;T-0219;BURSA;1;15 Ekim 2020 Perşembe;16 Ekim 2020 Cuma;1
BY-834;20;T-034;İSTANBUL;0;12 Ocak 2021 Salı;13 Ocak 2021 Çarşamba;1
K744;20;T-0108;İSTANBUL;1;9 Haziran 2021 Çarşamba;10 Haziran 2021 Perşembe;1
K234;20;MZ-258;İSTANBUL;1;2 Ağustos 2021 Pazartesi;9 Ağustos 2021 Pazartesi;7
K744;20;T-0108;İSTANBUL;1;16 Ağustos 2021 Pazartesi;27 Ağustos 2021 Cuma;11
BY-834;20;T-034;İSTANBUL;0;23 Kasım 2021 Salı;25 Kasım 2021 Perşembe;2
BY-834;20;T-034;İSTANBUL;0;24 Kasım 2021 Çarşamba;28 Aralık 2021 Salı;34
BY-834;20;T-034;İSTANBUL;0;24 Kasım 2021 Çarşamba;7 Ocak 2022 Cuma;44
BY-3568;25;T-015;İSTANBUL;0;19 Haziran 2019 Çarşamba;24 Haziran 2019 Pazartesi;5
BY-3573;25;T-015;İSTANBUL;0;19 Haziran 2019 Çarşamba;24 Haziran 2019 Pazartesi;5
BY-3567;25;T-015;İSTANBUL;0;19 Haziran 2019 Çarşamba;21 Haziran 2019 Cuma;2
BY-3566;25;T-015;İSTANBUL;0;19 Haziran 2019 Çarşamba;21 Haziran 2019 Cuma;2
BY-3569;25;T-015;İSTANBUL;0;19 Haziran 2019 Çarşamba;21 Haziran 2019 Cuma;2
BY-3574;25;T-015;İSTANBUL;0;19 Haziran 2019 Çarşamba;21 Haziran 2019 Cuma;2
BY-3562;25;T-015;İSTANBUL;0;2 Temmuz 2019 Salı;3 Temmuz 2019 Çarşamba;1
BY-768;25;T-034;İSTANBUL;0;26 Haziran 2019 Çarşamba;5 Temmuz 2019 Cuma;9
BY-768;25;T-034;İSTANBUL;0;3 Temmuz 2019 Çarşamba;8 Temmuz 2019 Pazartesi;5
K10;25;T-0122;KOCAELİ;1;25 Temmuz 2019 Perşembe;30 Temmuz 2019 Salı;5
BY-768;25;T-034;İSTANBUL;0;6 Ağustos 2019 Salı;19 Ağustos 2019 Pazartesi;13
BY-768;25;T-034;İSTANBUL;0;9 Eylül 2019 Pazartesi;10 Eylül 2019 Salı;1
BY-3518;25;T-015;İSTANBUL;0;4 Ekim 2019 Cuma;5 Ekim 2019 Cumartesi;1
BY-3603;25;T-015;İSTANBUL;0;8 Ekim 2019 Salı;9 Ekim 2019 Çarşamba;1
BY-768;25;T-034;İSTANBUL;0;10 Ekim 2019 Perşembe;11 Ekim 2019 Cuma;1
BY-139;25;T-019;İSTANBUL;0;2 Kasım 2019 Cumartesi;4 Kasım 2019 Pazartesi;2
K148;25;T-052;TEKİRDAĞ;1;15 Kasım 2019 Cuma;22 Kasım 2019 Cuma;7
BY-560;25;T-0210;İSTANBUL;0;16 Aralık 2019 Pazartesi;24 Aralık 2019 Salı;8
BY-1142;25;T-015;İSTANBUL;0;10 Mart 2020 Salı;11 Mart 2020 Çarşamba;1
K148;25;T-052;TEKİRDAĞ;1;6 Mart 2020 Cuma;9 Mart 2020 Pazartesi;3
K608;25;T-077;İSTANBUL;1;19 Mart 2020 Perşembe;20 Mart 2020 Cuma;1
BY-1146;25;T-0210;İSTANBUL;0;22 Haziran 2020 Pazartesi;25 Haziran 2020 Perşembe;3
K608;25;T-077;İSTANBUL;1;14 Eylül 2020 Pazartesi;16 Eylül 2020 Çarşamba;2
K148;25;T-052;TEKİRDAĞ;1;5 Ekim 2020 Pazartesi;6 Ekim 2020 Salı;1
BY-1148;25;T-0210;İSTANBUL;0;2 Aralık 2020 Çarşamba;3 Aralık 2020 Perşembe;1
K148;25;T-052;TEKİRDAĞ;1;20 Ocak 2021 Çarşamba;21 Ocak 2021 Perşembe;1
BY-566;25;T-0210;İSTANBUL;0;1 Şubat 2021 Pazartesi;2 Şubat 2021 Salı;1
BY-788;25;T-034;İSTANBUL;0;9 Şubat 2021 Salı;10 Şubat 2021 Çarşamba;1
BY-798;25;T-034;İSTANBUL;0;9 Şubat 2021 Salı;10 Şubat 2021 Çarşamba;1
BY-798;25;T-034;İSTANBUL;0;9 Şubat 2021 Salı;10 Şubat 2021 Çarşamba;1
BY-566;25;T-0210;İSTANBUL;0;12 Şubat 2021 Cuma;24 Şubat 2021 Çarşamba;12
BY-841;25;T-034;İSTANBUL;0;24 Şubat 2021 Çarşamba;25 Şubat 2021 Perşembe;1
BY-566;25;T-0210;İSTANBUL;0;3 Mart 2021 Çarşamba;4 Mart 2021 Perşembe;1
BY-560;25;T-0210;İSTANBUL;0;16 Mart 2021 Salı;22 Mart 2021 Pazartesi;6
BY-1144;25;T-0210;İSTANBUL;0;24 Mart 2021 Çarşamba;25 Mart 2021 Perşembe;1
K148;25;T-052;TEKİRDAĞ;1;17 Mayıs 2021 Pazartesi;18 Mayıs 2021 Salı;1
BY-3562;25;T-015;İSTANBUL;0;26 Mayıs 2021 Çarşamba;28 Mayıs 2021 Cuma;2
BY-3562;25;T-015;İSTANBUL;0;1 Eylül 2021 Çarşamba;6 Eylül 2021 Pazartesi;5
BY-788;25;T-034;İSTANBUL;0;9 Eylül 2021 Perşembe;10 Eylül 2021 Cuma;1
BY-1142;25;T-015;İSTANBUL;0;30 Ağustos 2021 Pazartesi;3 Eylül 2021 Cuma;4
BY-841;25;T-034;İSTANBUL;0;18 Eylül 2021 Cumartesi;20 Eylül 2021 Pazartesi;2
K1010;25;T-0211;KOCAELİ;1;15 Ekim 2021 Cuma;18 Ekim 2021 Pazartesi;3
K148;25;T-052;TEKİRDAĞ;1;2 Kasım 2021 Salı;3 Kasım 2021 Çarşamba;1
BY-788;25;T-034;İSTANBUL;0;8 Aralık 2021 Çarşamba;27 Aralık 2021 Pazartesi;19
BY-788;25;T-034;İSTANBUL;0;8 Aralık 2021 Çarşamba;27 Aralık 2021 Pazartesi;19
K148;25;T-052;TEKİRDAĞ;1;6 Ocak 2022 Perşembe;7 Ocak 2022 Cuma;1
K1010;25;T-0211;KOCAELİ;1;21 Şubat 2022 Pazartesi;22 Şubat 2022 Salı;1
K1040;25;T-048;İSTANBUL;1;7 Mart 2022 Pazartesi;9 Mart 2022 Çarşamba;2
K148;25;T-052;TEKİRDAĞ;1;7 Haziran 2022 Salı;8 Haziran 2022 Çarşamba;1
K137;27;T-072;İSTANBUL;1;1 Ağustos 2019 Perşembe;17 Ağustos 2019 Cumartesi;16
BY-812;30;T-077;İSTANBUL;0;5 Eylül 2019 Perşembe;6 Eylül 2019 Cuma;1
BY-801;30;T-077;İSTANBUL;0;5 Eylül 2019 Perşembe;6 Eylül 2019 Cuma;1
BY-807;30;T-077;İSTANBUL;0;2 Aralık 2019 Pazartesi;3 Aralık 2019 Salı;1
BY-812;30;T-077;İSTANBUL;0;10 Mart 2020 Salı;11 Mart 2020 Çarşamba;1
BY-801;30;T-077;İSTANBUL;0;10 Mart 2020 Salı;11 Mart 2020 Çarşamba;1
BY-810;30;T-077;İSTANBUL;0;10 Mart 2020 Salı;13 Mart 2020 Cuma;3
BY-OP56;30;T-018;İSTANBUL;0;16 Eylül 2020 Çarşamba;18 Eylül 2020 Cuma;2
BY-821;30;T-077;İSTANBUL;0;21 Eylül 2020 Pazartesi;22 Eylül 2020 Salı;1
BY-OP56;30;T-018;İSTANBUL;0;2 Ekim 2020 Cuma;6 Ekim 2020 Salı;4
BY-812;30;T-077;İSTANBUL;0;6 Nisan 2021 Salı;7 Nisan 2021 Çarşamba;1
BY-801;30;T-077;İSTANBUL;0;6 Nisan 2021 Salı;7 Nisan 2021 Çarşamba;1
BY-806;30;T-077;İSTANBUL;0;11 Ekim 2021 Pazartesi;12 Ekim 2021 Salı;1
BY-821;30;T-077;İSTANBUL;0;11 Ekim 2021 Pazartesi;12 Ekim 2021 Salı;1
BY-812;30;T-077;İSTANBUL;0;11 Ekim 2021 Pazartesi;12 Ekim 2021 Salı;1
BY-805;30;T-077;İSTANBUL;0;11 Ekim 2021 Pazartesi;12 Ekim 2021 Salı;1
BY-801;30;T-077;İSTANBUL;0;13 Ekim 2021 Çarşamba;14 Ekim 2021 Perşembe;1
BY-800;30;T-077;İSTANBUL;0;25 Ekim 2021 Pazartesi;26 Ekim 2021 Salı;1
BY-801;30;T-077;İSTANBUL;0;14 Şubat 2022 Pazartesi;15 Şubat 2022 Salı;1
BY-812;30;T-077;İSTANBUL;0;14 Şubat 2022 Pazartesi;15 Şubat 2022 Salı;1
BY-806;30;T-077;İSTANBUL;0;5 Nisan 2022 Salı;6 Nisan 2022 Çarşamba;1
BY-808;30;T-077;İSTANBUL;0;5 Nisan 2022 Salı;6 Nisan 2022 Çarşamba;1
BY-801;30;T-077;İSTANBUL;0;5 Nisan 2022 Salı;6 Nisan 2022 Çarşamba;1
BY-OP50;40;T24;İSTANBUL;0;19 Ekim 2019 Cumartesi;21 Ekim 2019 Pazartesi;2
K1098;40;T-048;İSTANBUL;1;8 Temmuz 2021 Perşembe;3 Ağustos 2021 Salı;26
BY-OP50;40;T-047;İSTANBUL;0;2 Aralık 2021 Perşembe;3 Aralık 2021 Cuma;1
BY-834;40;T-034;İSTANBUL;0;24 Kasım 2021 Çarşamba;8 Aralık 2021 Çarşamba;14
BY-834;40;T-034;İSTANBUL;0;24 Kasım 2021 Çarşamba;3 Şubat 2022 Perşembe;71
K1019;50;T-0214;İSTANBUL;1;21 Haziran 2019 Cuma;24 Haziran 2019 Pazartesi;3
K1020;50;T-0214;İSTANBUL;1;21 Haziran 2019 Cuma;24 Haziran 2019 Pazartesi;3
K608;50;T-077;İSTANBUL;1;1 Temmuz 2019 Pazartesi;2 Temmuz 2019 Salı;1
K608;50;T-077;İSTANBUL;1;24 Temmuz 2019 Çarşamba;5 Ağustos 2019 Pazartesi;12
K1020;50;T-0214;İSTANBUL;1;28 Eylül 2019 Cumartesi;1 Ekim 2019 Salı;3
K1019;50;T-0214;İSTANBUL;1;28 Eylül 2019 Cumartesi;1 Ekim 2019 Salı;3
BY-849;50;T-034;İSTANBUL;0;10 Ekim 2019 Perşembe;11 Ekim 2019 Cuma;1
BY-849;50;T-034;İSTANBUL;0;10 Ekim 2019 Perşembe;22 Ekim 2019 Salı;12
K608;50;T-077;İSTANBUL;1;12 Kasım 2019 Salı;13 Kasım 2019 Çarşamba;1
K1020;50;T-0214;İSTANBUL;1;5 Aralık 2019 Perşembe;9 Aralık 2019 Pazartesi;4
K608;50;T-077;İSTANBUL;1;6 Ocak 2020 Pazartesi;7 Ocak 2020 Salı;1
BY-OP06;50;T-047;İSTANBUL;0;27 Şubat 2020 Perşembe;3 Mart 2020 Salı;5
BY-500;50;T-015;İSTANBUL;0;10 Mart 2020 Salı;11 Mart 2020 Çarşamba;1
K723;50;T-0152;TEKİRDAĞ;1;8 Ekim 2020 Perşembe;9 Ekim 2020 Cuma;1
K608;50;T-077;İSTANBUL;1;22 Ekim 2020 Perşembe;26 Ekim 2020 Pazartesi;4
K608;50;T-077;İSTANBUL;1;18 Kasım 2020 Çarşamba;23 Kasım 2020 Pazartesi;5
BY-206;50;T-0210;İSTANBUL;0;26 Kasım 2020 Perşembe;27 Kasım 2020 Cuma;1
K608;50;T-077;İSTANBUL;1;8 Aralık 2020 Salı;9 Aralık 2020 Çarşamba;1
BY-1144;50;T-0210;İSTANBUL;0;5 Ocak 2021 Salı;11 Ocak 2021 Pazartesi;6
BY-206;50;T-0210;İSTANBUL;0;14 Aralık 2020 Pazartesi;12 Ocak 2021 Salı;29
BY-788;50;T-034;İSTANBUL;0;9 Şubat 2021 Salı;10 Şubat 2021 Çarşamba;1
BY-206;50;T-0210;İSTANBUL;0;12 Şubat 2021 Cuma;15 Şubat 2021 Pazartesi;3
BY-768;50;T-034;İSTANBUL;0;24 Şubat 2021 Çarşamba;25 Şubat 2021 Perşembe;1
K608;50;T-077;İSTANBUL;1;9 Mart 2021 Salı;10 Mart 2021 Çarşamba;1
BY-1143;50;T-0210;İSTANBUL;0;11 Mart 2021 Perşembe;16 Mart 2021 Salı;5
BY-1143;50;T-0210;İSTANBUL;0;15 Mart 2021 Pazartesi;16 Mart 2021 Salı;1
BY-206;50;T-0210;İSTANBUL;0;11 Mart 2021 Perşembe;23 Mart 2021 Salı;12
BY-206;50;T-0210;İSTANBUL;0;24 Şubat 2021 Çarşamba;23 Mart 2021 Salı;27
BY-1143;50;T-0210;İSTANBUL;0;24 Mart 2021 Çarşamba;25 Mart 2021 Perşembe;1
K608;50;T-077;İSTANBUL;1;6 Nisan 2021 Salı;9 Nisan 2021 Cuma;3
BY-1156;50;T-0115;İSTANBUL;0;6 Nisan 2021 Salı;12 Nisan 2021 Pazartesi;6
K608;50;T-077;İSTANBUL;1;19 Nisan 2021 Pazartesi;20 Nisan 2021 Salı;1
K1010;50;T-0211;KOCAELİ;1;5 Mayıs 2021 Çarşamba;6 Mayıs 2021 Perşembe;1
K608;50;T-077;İSTANBUL;1;17 Mayıs 2021 Pazartesi;18 Mayıs 2021 Salı;1
K1093;50;T-0211;KOCAELİ;1;17 Mayıs 2021 Pazartesi;20 Mayıs 2021 Perşembe;3
BY-3562;50;T-015;İSTANBUL;0;27 Mayıs 2021 Perşembe;28 Mayıs 2021 Cuma;1
BY-583;50;T-0210;İSTANBUL;0;15 Mart 2021 Pazartesi;10 Haziran 2021 Perşembe;87
K1010;50;T-0211;KOCAELİ;1;1 Temmuz 2021 Perşembe;10 Temmuz 2021 Cumartesi;9
K608;50;T-077;İSTANBUL;1;12 Temmuz 2021 Pazartesi;13 Temmuz 2021 Salı;1
K1010;50;T-0211;KOCAELİ;1;26 Ağustos 2021 Perşembe;1 Eylül 2021 Çarşamba;6
BY-3562;50;T-015;İSTANBUL;0;3 Eylül 2021 Cuma;6 Eylül 2021 Pazartesi;3
K608;50;T-077;İSTANBUL;1;21 Eylül 2021 Salı;23 Eylül 2021 Perşembe;2
K608;50;T-077;İSTANBUL;1;4 Ekim 2021 Pazartesi;5 Ekim 2021 Salı;1
K608;50;T-077;İSTANBUL;1;13 Ekim 2021 Çarşamba;14 Ekim 2021 Perşembe;1
K608;50;T-077;İSTANBUL;1;8 Kasım 2021 Pazartesi;9 Kasım 2021 Salı;1
K723;50;T-0152;TEKİRDAĞ;1;11 Kasım 2021 Perşembe;12 Kasım 2021 Cuma;1
K1098;50;T-048;İSTANBUL;1;24 Eylül 2021 Cuma;17 Kasım 2021 Çarşamba;54
BY-3562;50;T-015;İSTANBUL;0;19 Ekim 2021 Salı;22 Kasım 2021 Pazartesi;34
BY-3562;50;T-015;İSTANBUL;0;4 Kasım 2021 Perşembe;22 Kasım 2021 Pazartesi;18
BY-OP013;50;T-047;İSTANBUL;0;2 Aralık 2021 Perşembe;3 Aralık 2021 Cuma;1
K148;50;T-052;TEKİRDAĞ;1;10 Ocak 2022 Pazartesi;11 Ocak 2022 Salı;1
K608;50;T-077;İSTANBUL;1;11 Ocak 2022 Salı;12 Ocak 2022 Çarşamba;1
K608;50;T-077;İSTANBUL;1;14 Şubat 2022 Pazartesi;15 Şubat 2022 Salı;1
BY-496;50;T-019;İSTANBUL;0;4 Mart 2022 Cuma;11 Mart 2022 Cuma;7
K608;50;T-077;İSTANBUL;1;5 Nisan 2022 Salı;6 Nisan 2022 Çarşamba;1
K148;50;T-052;TEKİRDAĞ;1;10 Mayıs 2022 Salı;12 Mayıs 2022 Perşembe;2
K148;50;T-052;TEKİRDAĞ;1;7 Haziran 2022 Salı;8 Haziran 2022 Çarşamba;1
K221;55;T-038;İSTANBUL;1;20 Haziran 2019 Perşembe;21 Haziran 2019 Cuma;1
K689;60;T-015;İSTANBUL;1;24 Temmuz 2019 Çarşamba;25 Temmuz 2019 Perşembe;1
K689;60;T-015;İSTANBUL;1;24 Temmuz 2019 Çarşamba;25 Temmuz 2019 Perşembe;1
K212;60;T-074;TEKİRDAĞ;1;6 Ağustos 2019 Salı;7 Ağustos 2019 Çarşamba;1
K628;60;T-015;İSTANBUL;1;13 Eylül 2019 Cuma;14 Eylül 2019 Cumartesi;1
BY-810;60;T-077;İSTANBUL;0;5 Eylül 2019 Perşembe;6 Eylül 2019 Cuma;1
BY-808;60;T-077;İSTANBUL;0;12 Kasım 2019 Salı;13 Kasım 2019 Çarşamba;1
BY-810;60;T-077;İSTANBUL;0;12 Kasım 2019 Salı;13 Kasım 2019 Çarşamba;1
BY-OP16;60;T-015;İSTANBUL;0;21 Kasım 2019 Perşembe;22 Kasım 2019 Cuma;1
BY-810;60;T-077;İSTANBUL;0;26 Kasım 2019 Salı;27 Kasım 2019 Çarşamba;1
K607;60;T-077;İSTANBUL;1;6 Ocak 2020 Pazartesi;7 Ocak 2020 Salı;1
K607;60;T-077;İSTANBUL;1;6 Ocak 2020 Pazartesi;7 Ocak 2020 Salı;1
K1043;60;T-015;İSTANBUL;1;7 Şubat 2020 Cuma;8 Şubat 2020 Cumartesi;1
BY-810;60;T-077;İSTANBUL;0;10 Mart 2020 Salı;13 Mart 2020 Cuma;3
K143;60;T-060;TEKİRDAĞ;1;9 Haziran 2020 Salı;10 Haziran 2020 Çarşamba;1
K1046;60;T-060;TEKİRDAĞ;1;20 Temmuz 2020 Pazartesi;22 Temmuz 2020 Çarşamba;2
K256;60;T-060;TEKİRDAĞ;1;5 Ağustos 2020 Çarşamba;7 Ağustos 2020 Cuma;2
K325;60;T-060;TEKİRDAĞ;1;18 Ağustos 2020 Salı;20 Ağustos 2020 Perşembe;2
BY-806;60;T-077;İSTANBUL;0;14 Eylül 2020 Pazartesi;16 Eylül 2020 Çarşamba;2
BY-808;60;T-077;İSTANBUL;0;14 Eylül 2020 Pazartesi;16 Eylül 2020 Çarşamba;2
BY-OP57;60;T-018;İSTANBUL;0;4 Eylül 2020 Cuma;22 Eylül 2020 Salı;18
K325;60;T-060;TEKİRDAĞ;1;22 Eylül 2020 Salı;24 Eylül 2020 Perşembe;2
K1046;60;T-060;TEKİRDAĞ;1;19 Ekim 2020 Pazartesi;20 Ekim 2020 Salı;1
K143;60;T-060;TEKİRDAĞ;1;19 Ekim 2020 Pazartesi;21 Ekim 2020 Çarşamba;2
K143;60;T-060;TEKİRDAĞ;1;11 Ocak 2021 Pazartesi;13 Ocak 2021 Çarşamba;2
BY-1130;60;T-034;İSTANBUL;0;9 Şubat 2021 Salı;10 Şubat 2021 Çarşamba;1
BY-834;60;T-034;İSTANBUL;0;9 Şubat 2021 Salı;10 Şubat 2021 Çarşamba;1
BY-834;60;T-034;İSTANBUL;0;9 Şubat 2021 Salı;10 Şubat 2021 Çarşamba;1
K143;60;T-060;TEKİRDAĞ;1;5 Mart 2021 Cuma;8 Mart 2021 Pazartesi;3
BY-OP57;60;T-018;İSTANBUL;0;5 Mart 2021 Cuma;8 Mart 2021 Pazartesi;3
K1046;60;T-060;TEKİRDAĞ;1;15 Mart 2021 Pazartesi;16 Mart 2021 Salı;1
K1046;60;T-0142;;1;6 Nisan 2021 Salı;7 Nisan 2021 Çarşamba;1
K143;60;T-0142;;1;6 Nisan 2021 Salı;7 Nisan 2021 Çarşamba;1
K143;60;T-0142;;1;19 Nisan 2021 Pazartesi;20 Nisan 2021 Salı;1
BY-810;60;T-077;İSTANBUL;0;20 Mayıs 2021 Perşembe;21 Mayıs 2021 Cuma;1
K325;60;T-060;TEKİRDAĞ;1;1 Haziran 2021 Salı;7 Haziran 2021 Pazartesi;6
K143;60;T-060;TEKİRDAĞ;1;14 Haziran 2021 Pazartesi;16 Haziran 2021 Çarşamba;2
K256;60;T-060;TEKİRDAĞ;1;17 Haziran 2021 Perşembe;21 Haziran 2021 Pazartesi;4
K143;60;T-060;TEKİRDAĞ;1;1 Temmuz 2021 Perşembe;2 Temmuz 2021 Cuma;1
K325;60;T-060;TEKİRDAĞ;1;28 Temmuz 2021 Çarşamba;30 Temmuz 2021 Cuma;2
BY-810;60;T-077;İSTANBUL;0;17 Haziran 2021 Perşembe;10 Ağustos 2021 Salı;54
K143;60;T-060;TEKİRDAĞ;1;31 Ağustos 2021 Salı;1 Eylül 2021 Çarşamba;1
K212;60;T-074;TEKİRDAĞ;1;15 Eylül 2021 Çarşamba;16 Eylül 2021 Perşembe;1
K612;60;T-060;TEKİRDAĞ;1;17 Eylül 2021 Cuma;30 Eylül 2021 Perşembe;13
BY-810;60;T-077;İSTANBUL;0;25 Ekim 2021 Pazartesi;26 Ekim 2021 Salı;1
K824;60;T-077;İSTANBUL;1;9 Kasım 2021 Salı;10 Kasım 2021 Çarşamba;1
K143;60;T-060;TEKİRDAĞ;1;8 Kasım 2021 Pazartesi;9 Kasım 2021 Salı;1
BY-834;60;T-034;İSTANBUL;0;23 Kasım 2021 Salı;4 Aralık 2021 Cumartesi;11
K143;60;T-060;TEKİRDAĞ;1;21 Aralık 2021 Salı;22 Aralık 2021 Çarşamba;1
K212;60;T-074;TEKİRDAĞ;1;29 Aralık 2021 Çarşamba;30 Aralık 2021 Perşembe;1
K824;60;T-077;İSTANBUL;1;15 Şubat 2022 Salı;16 Şubat 2022 Çarşamba;1
K143;60;T-060;TEKİRDAĞ;1;14 Şubat 2022 Pazartesi;16 Şubat 2022 Çarşamba;2
K325;60;T-060;TEKİRDAĞ;1;18 Şubat 2022 Cuma;23 Şubat 2022 Çarşamba;5
K212;60;T-074;TEKİRDAĞ;1;2 Mart 2022 Çarşamba;3 Mart 2022 Perşembe;1
BY-810;60;T-077;İSTANBUL;0;14 Şubat 2022 Pazartesi;25 Mart 2022 Cuma;39
K212;60;T-074;TEKİRDAĞ;1;29 Nisan 2022 Cuma;30 Nisan 2022 Cumartesi;1
BY-810;60;T-077;İSTANBUL;0;12 Mayıs 2022 Perşembe;13 Mayıs 2022 Cuma;1
K325;60;T-060;TEKİRDAĞ;1;26 Mayıs 2022 Perşembe;30 Mayıs 2022 Pazartesi;4
K664;70;T-060;TEKİRDAĞ;1;21 Eylül 2021 Salı;22 Eylül 2021 Çarşamba;1
BY-287;75;T-015;İSTANBUL;0;12 Haziran 2019 Çarşamba;14 Haziran 2019 Cuma;2
K1019;75;T-0214;İSTANBUL;1;21 Haziran 2019 Cuma;24 Haziran 2019 Pazartesi;3
K608;75;T-077;İSTANBUL;1;7 Mayıs 2020 Perşembe;11 Mayıs 2020 Pazartesi;4
BY-157;75;T-019;İSTANBUL;0;29 Eylül 2020 Salı;2 Ekim 2020 Cuma;3
BY-789;75;T-034;İSTANBUL;0;9 Şubat 2021 Salı;10 Şubat 2021 Çarşamba;1
BY-1144;75;T-0210;İSTANBUL;0;24 Mart 2021 Çarşamba;25 Mart 2021 Perşembe;1
K1010;75;T-0211;KOCAELİ;1;27 Nisan 2021 Salı;28 Nisan 2021 Çarşamba;1
K1010;75;T-0211;KOCAELİ;1;9 Şubat 2022 Çarşamba;14 Şubat 2022 Pazartesi;5
K617;80;T-060;TEKİRDAĞ;1;23 Aralık 2019 Pazartesi;24 Aralık 2019 Salı;1
K619;80;T-015;İSTANBUL;1;6 Mayıs 2020 Çarşamba;7 Mayıs 2020 Perşembe;1
BY-834;80;T-034;İSTANBUL;0;9 Şubat 2021 Salı;10 Şubat 2021 Çarşamba;1
BY-808;90;T-077;İSTANBUL;0;26 Kasım 2019 Salı;27 Kasım 2019 Çarşamba;1
BY-810;90;T-077;İSTANBUL;0;26 Ağustos 2020 Çarşamba;27 Ağustos 2020 Perşembe;1
K1061;95;T-0136;İSTANBUL;1;20 Temmuz 2020 Pazartesi;21 Temmuz 2020 Salı;1
K718;99;T-060;TEKİRDAĞ;1;18 Kasım 2021 Perşembe;19 Kasım 2021 Cuma;1
K617;100;T-060;TEKİRDAĞ;1;12 Temmuz 2019 Cuma;16 Temmuz 2019 Salı;4
K664;100;T-060;TEKİRDAĞ;1;16 Temmuz 2019 Salı;17 Temmuz 2019 Çarşamba;1
BY-849;100;T-034;İSTANBUL;0;26 Temmuz 2019 Cuma;30 Temmuz 2019 Salı;4
BY-721;100;T-015;İSTANBUL;0;19 Ağustos 2019 Pazartesi;20 Ağustos 2019 Salı;1
BY-708;100;T-015;İSTANBUL;0;19 Ağustos 2019 Pazartesi;20 Ağustos 2019 Salı;1
BY-707;100;T-015;İSTANBUL;0;19 Ağustos 2019 Pazartesi;20 Ağustos 2019 Salı;1
K240;100;T-077;İSTANBUL;1;4 Eylül 2019 Çarşamba;5 Eylül 2019 Perşembe;1
K664;100;T-060;TEKİRDAĞ;1;1 Ekim 2019 Salı;2 Ekim 2019 Çarşamba;1
K664;100;T-060;TEKİRDAĞ;1;4 Kasım 2019 Pazartesi;5 Kasım 2019 Salı;1
BY-721;100;T-015;İSTANBUL;0;15 Kasım 2019 Cuma;16 Kasım 2019 Cumartesi;1
K664;100;T-060;TEKİRDAĞ;1;5 Haziran 2020 Cuma;8 Haziran 2020 Pazartesi;3
BY-496;100;T-019;İSTANBUL;0;7 Temmuz 2020 Salı;8 Temmuz 2020 Çarşamba;1
BY-496;100;T-019;İSTANBUL;0;7 Temmuz 2020 Salı;8 Temmuz 2020 Çarşamba;1
K608;100;T-077;İSTANBUL;1;23 Temmuz 2020 Perşembe;24 Temmuz 2020 Cuma;1
K664;100;T-060;TEKİRDAĞ;1;12 Ağustos 2020 Çarşamba;13 Ağustos 2020 Perşembe;1
K617;100;T-060;TEKİRDAĞ;1;2 Eylül 2020 Çarşamba;3 Eylül 2020 Perşembe;1
K448;100;T-0210;İSTANBUL;1;24 Ağustos 2020 Pazartesi;7 Eylül 2020 Pazartesi;14
K664;100;T-060;TEKİRDAĞ;1;11 Eylül 2020 Cuma;15 Eylül 2020 Salı;4
K608;100;T-077;İSTANBUL;1;22 Eylül 2020 Salı;24 Eylül 2020 Perşembe;2
K664;100;T-060;TEKİRDAĞ;1;19 Ekim 2020 Pazartesi;21 Ekim 2020 Çarşamba;2
K664;100;T-060;TEKİRDAĞ;1;23 Ekim 2020 Cuma;26 Ekim 2020 Pazartesi;3
K664;100;T-060;TEKİRDAĞ;1;1 Aralık 2020 Salı;2 Aralık 2020 Çarşamba;1
K664;100;T-060;TEKİRDAĞ;1;22 Aralık 2020 Salı;24 Aralık 2020 Perşembe;2
K608;100;T-077;İSTANBUL;1;11 Ocak 2021 Pazartesi;12 Ocak 2021 Salı;1
K664;100;T-060;TEKİRDAĞ;1;14 Ocak 2021 Perşembe;15 Ocak 2021 Cuma;1
K448;100;T-051;İSTANBUL;1;14 Ocak 2021 Perşembe;15 Ocak 2021 Cuma;1
K664;100;T-060;TEKİRDAĞ;1;4 Şubat 2021 Perşembe;5 Şubat 2021 Cuma;1
BY-249;100;T-025;İSTANBUL;0;17 Şubat 2021 Çarşamba;18 Şubat 2021 Perşembe;1
K664;100;T-060;TEKİRDAĞ;1;5 Mart 2021 Cuma;8 Mart 2021 Pazartesi;3
K617;100;T-060;TEKİRDAĞ;1;8 Mart 2021 Pazartesi;12 Mart 2021 Cuma;4
K664;100;T-060;TEKİRDAĞ;1;18 Mart 2021 Perşembe;19 Mart 2021 Cuma;1
BY-206;100;T-0210;İSTANBUL;0;24 Mart 2021 Çarşamba;25 Mart 2021 Perşembe;1
K664;100;T-0142;;1;26 Mart 2021 Cuma;29 Mart 2021 Pazartesi;3
K664;100;T-0142;;1;15 Nisan 2021 Perşembe;16 Nisan 2021 Cuma;1
K664;100;T-0142;;1;26 Nisan 2021 Pazartesi;27 Nisan 2021 Salı;1
K664;100;T-0142;;1;4 Mayıs 2021 Salı;6 Mayıs 2021 Perşembe;2
K664;100;T-0142;;1;26 Mayıs 2021 Çarşamba;27 Mayıs 2021 Perşembe;1
K1010;100;T-0211;KOCAELİ;1;9 Haziran 2021 Çarşamba;11 Haziran 2021 Cuma;2
K664;100;T-060;TEKİRDAĞ;1;12 Temmuz 2021 Pazartesi;13 Temmuz 2021 Salı;1
K664;100;T-060;TEKİRDAĞ;1;28 Temmuz 2021 Çarşamba;29 Temmuz 2021 Perşembe;1
K448;100;T-051;İSTANBUL;1;16 Ağustos 2021 Pazartesi;17 Ağustos 2021 Salı;1
BY-877;100;T-060;TEKİRDAĞ;0;23 Eylül 2021 Perşembe;24 Eylül 2021 Cuma;1
K664;100;T-060;TEKİRDAĞ;1;27 Eylül 2021 Pazartesi;5 Ekim 2021 Salı;8
K664;100;T-060;TEKİRDAĞ;1;8 Ekim 2021 Cuma;12 Ekim 2021 Salı;4
K853;100;T-0136;İSTANBUL;1;9 Ekim 2021 Cumartesi;11 Ekim 2021 Pazartesi;2
K280;100;T-0120;TEKİRDAĞ;1;19 Ekim 2021 Salı;20 Ekim 2021 Çarşamba;1
K664;100;T-060;TEKİRDAĞ;1;18 Kasım 2021 Perşembe;19 Kasım 2021 Cuma;1
K1101;100;T-0232;İSTANBUL;1;13 Aralık 2021 Pazartesi;14 Aralık 2021 Salı;1
K765;100;T-060;TEKİRDAĞ;1;13 Aralık 2021 Pazartesi;15 Aralık 2021 Çarşamba;2
K664;100;T-060;TEKİRDAĞ;1;21 Aralık 2021 Salı;24 Aralık 2021 Cuma;3
K765;100;T-060;TEKİRDAĞ;1;22 Şubat 2022 Salı;23 Şubat 2022 Çarşamba;1
K664;100;T-0142;;1;25 Mart 2022 Cuma;29 Mart 2022 Salı;4
K1010;100;T-0211;KOCAELİ;1;29 Mart 2022 Salı;30 Mart 2022 Çarşamba;1
K1053;100;T-0136;İSTANBUL;1;29 Mart 2022 Salı;31 Mart 2022 Perşembe;2
K389;110;T-060;TEKİRDAĞ;1;19 Kasım 2020 Perşembe;21 Kasım 2020 Cumartesi;2
K1083;115;T-0211;KOCAELİ;1;11 Ocak 2021 Pazartesi;12 Ocak 2021 Salı;1
K1004;120;T-016;İSTANBUL;1;30 Mayıs 2019 Perşembe;31 Mayıs 2019 Cuma;1
K325;120;T-060;TEKİRDAĞ;1;5 Ağustos 2019 Pazartesi;7 Ağustos 2019 Çarşamba;2
K641;120;T-015;İSTANBUL;1;2 Temmuz 2019 Salı;3 Temmuz 2019 Çarşamba;1
K522;120;T-034;İSTANBUL;1;26 Haziran 2019 Çarşamba;5 Temmuz 2019 Cuma;9
K522;120;T-034;İSTANBUL;1;26 Haziran 2019 Çarşamba;5 Temmuz 2019 Cuma;9
K522;120;T-034;İSTANBUL;1;26 Haziran 2019 Çarşamba;5 Temmuz 2019 Cuma;9
K1004;120;T-016;İSTANBUL;1;10 Temmuz 2019 Çarşamba;12 Temmuz 2019 Cuma;2
K522;120;T-034;İSTANBUL;1;26 Temmuz 2019 Cuma;30 Temmuz 2019 Salı;4
K522;120;T-034;İSTANBUL;1;2 Ağustos 2019 Cuma;6 Ağustos 2019 Salı;4
K788;120;T-060;TEKİRDAĞ;1;9 Ağustos 2019 Cuma;19 Ağustos 2019 Pazartesi;10
K788;120;T-060;TEKİRDAĞ;1;20 Ağustos 2019 Salı;23 Ağustos 2019 Cuma;3
K788;120;T-060;TEKİRDAĞ;1;29 Ağustos 2019 Perşembe;4 Eylül 2019 Çarşamba;6
K1027;120;T-015;İSTANBUL;1;7 Eylül 2019 Cumartesi;9 Eylül 2019 Pazartesi;2
K688;120;T-0211;KOCAELİ;1;6 Eylül 2019 Cuma;9 Eylül 2019 Pazartesi;3
K325;120;T-060;TEKİRDAĞ;1;10 Eylül 2019 Salı;11 Eylül 2019 Çarşamba;1
K688;120;T-0211;KOCAELİ;1;16 Eylül 2019 Pazartesi;17 Eylül 2019 Salı;1
K669;120;T-0211;KOCAELİ;1;10 Ekim 2019 Perşembe;12 Ekim 2019 Cumartesi;2
K669;120;T-0211;KOCAELİ;1;10 Ekim 2019 Perşembe;14 Ekim 2019 Pazartesi;4
K688;120;T-0211;KOCAELİ;1;24 Ekim 2019 Perşembe;25 Ekim 2019 Cuma;1
K688;120;T-0211;KOCAELİ;1;7 Kasım 2019 Perşembe;8 Kasım 2019 Cuma;1
K688;120;T-0211;KOCAELİ;1;18 Kasım 2019 Pazartesi;19 Kasım 2019 Salı;1
K389;120;T-060;TEKİRDAĞ;1;28 Kasım 2019 Perşembe;2 Aralık 2019 Pazartesi;4
K788;120;T-060;TEKİRDAĞ;1;6 Aralık 2019 Cuma;9 Aralık 2019 Pazartesi;3
K9;120;T-060;TEKİRDAĞ;1;4 Aralık 2019 Çarşamba;5 Aralık 2019 Perşembe;1
K1004;120;T-0211;KOCAELİ;1;12 Aralık 2019 Perşembe;13 Aralık 2019 Cuma;1
K1004;120;T-0211;KOCAELİ;1;12 Aralık 2019 Perşembe;13 Aralık 2019 Cuma;1
K688;120;T-0211;KOCAELİ;1;12 Aralık 2019 Perşembe;13 Aralık 2019 Cuma;1
K256;120;T-060;TEKİRDAĞ;1;16 Aralık 2019 Pazartesi;18 Aralık 2019 Çarşamba;2
K9;120;T-060;TEKİRDAĞ;1;16 Ocak 2020 Perşembe;17 Ocak 2020 Cuma;1
K788;120;T-060;TEKİRDAĞ;1;17 Ocak 2020 Cuma;20 Ocak 2020 Pazartesi;3
K688;120;T-0211;KOCAELİ;1;21 Ocak 2020 Salı;23 Ocak 2020 Perşembe;2
K389;120;T-060;TEKİRDAĞ;1;31 Ocak 2020 Cuma;3 Şubat 2020 Pazartesi;3
BY-OP02;120;T-018;İSTANBUL;0;10 Şubat 2020 Pazartesi;11 Şubat 2020 Salı;1
K9;120;T-060;TEKİRDAĞ;1;14 Şubat 2020 Cuma;18 Şubat 2020 Salı;4
K688;120;T-0211;KOCAELİ;1;26 Şubat 2020 Çarşamba;27 Şubat 2020 Perşembe;1
K688;120;T-0211;KOCAELİ;1;16 Mart 2020 Pazartesi;17 Mart 2020 Salı;1
K165;120;T-015;İSTANBUL;1;6 Mayıs 2020 Çarşamba;7 Mayıs 2020 Perşembe;1
K788;120;T-060;TEKİRDAĞ;1;5 Mayıs 2020 Salı;7 Mayıs 2020 Perşembe;2
K851;120;T-0136;İSTANBUL;1;7 Mayıs 2020 Perşembe;8 Mayıs 2020 Cuma;1
K788;120;T-060;TEKİRDAĞ;1;12 Mayıs 2020 Salı;13 Mayıs 2020 Çarşamba;1
K788;120;T-060;TEKİRDAĞ;1;20 Mayıs 2020 Çarşamba;21 Mayıs 2020 Perşembe;1
K688;120;T-0211;KOCAELİ;1;4 Haziran 2020 Perşembe;5 Haziran 2020 Cuma;1
K352;120;T22;TEKİRDAĞ;1;16 Temmuz 2020 Perşembe;20 Temmuz 2020 Pazartesi;4
K688;120;T-0211;KOCAELİ;1;11 Ağustos 2020 Salı;12 Ağustos 2020 Çarşamba;1
K9;120;T-060;TEKİRDAĞ;1;12 Ağustos 2020 Çarşamba;13 Ağustos 2020 Perşembe;1
K730;120;T-060;TEKİRDAĞ;1;18 Ağustos 2020 Salı;21 Ağustos 2020 Cuma;3
K389;120;T-060;TEKİRDAĞ;1;28 Ağustos 2020 Cuma;31 Ağustos 2020 Pazartesi;3
K256;120;T-060;TEKİRDAĞ;1;25 Ağustos 2020 Salı;28 Ağustos 2020 Cuma;3
K522;120;T-034;İSTANBUL;1;2 Eylül 2020 Çarşamba;3 Eylül 2020 Perşembe;1
K522;120;T-034;İSTANBUL;1;2 Eylül 2020 Çarşamba;3 Eylül 2020 Perşembe;1
K718;120;T-060;TEKİRDAĞ;1;8 Eylül 2020 Salı;10 Eylül 2020 Perşembe;2
K9;120;T-060;TEKİRDAĞ;1;7 Eylül 2020 Pazartesi;10 Eylül 2020 Perşembe;3
K9;120;T-060;TEKİRDAĞ;1;7 Eylül 2020 Pazartesi;9 Eylül 2020 Çarşamba;2
BY-OP02;120;T-018;İSTANBUL;0;11 Eylül 2020 Cuma;14 Eylül 2020 Pazartesi;3
BY-OP02;120;T-018;İSTANBUL;0;11 Eylül 2020 Cuma;18 Eylül 2020 Cuma;7
BY-OP02;120;T-018;İSTANBUL;0;16 Eylül 2020 Çarşamba;24 Eylül 2020 Perşembe;8
K389;120;T-060;TEKİRDAĞ;1;28 Eylül 2020 Pazartesi;29 Eylül 2020 Salı;1
K389;120;T-060;TEKİRDAĞ;1;19 Ekim 2020 Pazartesi;20 Ekim 2020 Salı;1
K1080;120;T-060;TEKİRDAĞ;1;9 Kasım 2020 Pazartesi;10 Kasım 2020 Salı;1
K597;120;T-0127;İSTANBUL;1;3 Kasım 2020 Salı;10 Kasım 2020 Salı;7
K165;120;T-015;İSTANBUL;1;1 Aralık 2020 Salı;2 Aralık 2020 Çarşamba;1
K389;120;T-060;TEKİRDAĞ;1;11 Aralık 2020 Cuma;14 Aralık 2020 Pazartesi;3
K1046;120;T-060;TEKİRDAĞ;1;24 Şubat 2021 Çarşamba;25 Şubat 2021 Perşembe;1
K727;120;T-0124;TEKİRDAĞ;1;24 Şubat 2021 Çarşamba;25 Şubat 2021 Perşembe;1
K389;120;T-060;TEKİRDAĞ;1;22 Mart 2021 Pazartesi;23 Mart 2021 Salı;1
K256;120;T-060;TEKİRDAĞ;1;26 Mart 2021 Cuma;29 Mart 2021 Pazartesi;3
K1061;120;T-0136;İSTANBUL;1;23 Mart 2021 Salı;30 Mart 2021 Salı;7
K390;120;T-0142;;1;6 Nisan 2021 Salı;7 Nisan 2021 Çarşamba;1
K9;120;T-0142;;1;7 Nisan 2021 Çarşamba;9 Nisan 2021 Cuma;2
BY-OP57;120;T-018;İSTANBUL;0;14 Nisan 2021 Çarşamba;15 Nisan 2021 Perşembe;1
BY-OP57;120;T-018;İSTANBUL;0;20 Nisan 2021 Salı;22 Nisan 2021 Perşembe;2
K58;120;T-015;İSTANBUL;1;26 Nisan 2021 Pazartesi;27 Nisan 2021 Salı;1
K389;120;T-0142;;1;29 Nisan 2021 Perşembe;30 Nisan 2021 Cuma;1
K413;120;T-060;TEKİRDAĞ;1;10 Haziran 2021 Perşembe;11 Haziran 2021 Cuma;1
K165;120;T-015;İSTANBUL;1;22 Haziran 2021 Salı;23 Haziran 2021 Çarşamba;1
K256;120;T-060;TEKİRDAĞ;1;2 Temmuz 2021 Cuma;5 Temmuz 2021 Pazartesi;3
K607;120;T-077;İSTANBUL;1;12 Temmuz 2021 Pazartesi;13 Temmuz 2021 Salı;1
K689;120;T-015;İSTANBUL;1;31 Temmuz 2021 Cumartesi;3 Ağustos 2021 Salı;3
K9;120;T-060;TEKİRDAĞ;1;13 Ağustos 2021 Cuma;17 Ağustos 2021 Salı;4
BY-OP57;120;T-018;İSTANBUL;0;20 Eylül 2021 Pazartesi;21 Eylül 2021 Salı;1
K787;120;T-060;TEKİRDAĞ;1;23 Eylül 2021 Perşembe;24 Eylül 2021 Cuma;1
K1091;120;T-0211;KOCAELİ;1;24 Eylül 2021 Cuma;30 Eylül 2021 Perşembe;6
K1046;120;T-060;TEKİRDAĞ;1;7 Ekim 2021 Perşembe;8 Ekim 2021 Cuma;1
K256;120;T-060;TEKİRDAĞ;1;11 Ekim 2021 Pazartesi;12 Ekim 2021 Salı;1
K165;120;T-015;İSTANBUL;1;8 Ekim 2021 Cuma;13 Ekim 2021 Çarşamba;5
K165;120;T-015;İSTANBUL;1;12 Ekim 2021 Salı;13 Ekim 2021 Çarşamba;1
K1046;120;T-060;TEKİRDAĞ;1;22 Ekim 2021 Cuma;25 Ekim 2021 Pazartesi;3
K325;120;T-060;TEKİRDAĞ;1;22 Ekim 2021 Cuma;25 Ekim 2021 Pazartesi;3
K1046;120;T-060;TEKİRDAĞ;1;8 Kasım 2021 Pazartesi;9 Kasım 2021 Salı;1
K165;120;T-015;İSTANBUL;1;8 Kasım 2021 Pazartesi;10 Kasım 2021 Çarşamba;2
K165;120;T-015;İSTANBUL;1;9 Kasım 2021 Salı;10 Kasım 2021 Çarşamba;1
K720;120;T-074;TEKİRDAĞ;1;29 Aralık 2021 Çarşamba;30 Aralık 2021 Perşembe;1
K1031;120;T-060;TEKİRDAĞ;1;25 Ocak 2022 Salı;27 Ocak 2022 Perşembe;2
K718;120;T-060;TEKİRDAĞ;1;14 Şubat 2022 Pazartesi;17 Şubat 2022 Perşembe;3
K1046;120;T-060;TEKİRDAĞ;1;21 Şubat 2022 Pazartesi;23 Şubat 2022 Çarşamba;2
K256;120;T-0142;;1;25 Mart 2022 Cuma;29 Mart 2022 Salı;4
K782;120;T-034;İSTANBUL;1;24 Mart 2022 Perşembe;25 Mart 2022 Cuma;1
K782;120;T-034;İSTANBUL;1;1 Nisan 2022 Cuma;2 Nisan 2022 Cumartesi;1
K727;120;T-0124;TEKİRDAĞ;1;11 Nisan 2022 Pazartesi;12 Nisan 2022 Salı;1
BY-OP57;120;T-018;İSTANBUL;0;18 Mayıs 2022 Çarşamba;20 Mayıs 2022 Cuma;2
K9;120;T-060;TEKİRDAĞ;1;20 Mayıs 2022 Cuma;23 Mayıs 2022 Pazartesi;3
BY-OP57;120;T-018;İSTANBUL;0;25 Mayıs 2022 Çarşamba;26 Mayıs 2022 Perşembe;1
K1004;120;T-0211;KOCAELİ;1;30 Mayıs 2022 Pazartesi;2 Haziran 2022 Perşembe;3
K9;120;T-060;TEKİRDAĞ;1;3 Haziran 2022 Cuma;7 Haziran 2022 Salı;4
K1046;120;T-060;TEKİRDAĞ;1;9 Haziran 2022 Perşembe;13 Haziran 2022 Pazartesi;4
K400;125;T22;TEKİRDAĞ;1;8 Ekim 2019 Salı;9 Ekim 2019 Çarşamba;1
K136;125;T22;TEKİRDAĞ;1;3 Haziran 2021 Perşembe;7 Haziran 2021 Pazartesi;4
K136;125;T22;TEKİRDAĞ;1;1 Aralık 2021 Çarşamba;2 Aralık 2021 Perşembe;1
K400;125;T22;TEKİRDAĞ;1;1 Aralık 2021 Çarşamba;2 Aralık 2021 Perşembe;1
K400;125;T22;TEKİRDAĞ;1;24 Aralık 2021 Cuma;28 Aralık 2021 Salı;4
K400;125;T22;TEKİRDAĞ;1;4 Şubat 2022 Cuma;5 Şubat 2022 Cumartesi;1
K601;130;T-077;İSTANBUL;1;26 Kasım 2019 Salı;27 Kasım 2019 Çarşamba;1
K342;130;T-0152;TEKİRDAĞ;1;25 Aralık 2019 Çarşamba;10 Ocak 2020 Cuma;16
K506;130;T-048;İSTANBUL;1;7 Şubat 2020 Cuma;13 Şubat 2020 Perşembe;6
K601;130;T-077;İSTANBUL;1;10 Mart 2020 Salı;11 Mart 2020 Çarşamba;1
K601;130;T-077;İSTANBUL;1;7 Mayıs 2020 Perşembe;11 Mayıs 2020 Pazartesi;4
K601;130;T-077;İSTANBUL;1;22 Ekim 2020 Perşembe;23 Ekim 2020 Cuma;1
K168;130;T-060;TEKİRDAĞ;1;27 Kasım 2020 Cuma;1 Aralık 2020 Salı;4
K478;130;T-0210;İSTANBUL;1;3 Mart 2021 Çarşamba;4 Mart 2021 Perşembe;1
K478;130;T-0210;İSTANBUL;1;3 Mayıs 2021 Pazartesi;20 Mayıs 2021 Perşembe;17
K601;130;T-077;İSTANBUL;1;20 Mayıs 2021 Perşembe;21 Mayıs 2021 Cuma;1
K168;130;T-060;TEKİRDAĞ;1;4 Mayıs 2021 Salı;27 Mayıs 2021 Perşembe;23
K168;130;T-060;TEKİRDAĞ;1;28 Haziran 2021 Pazartesi;29 Haziran 2021 Salı;1
K168;130;T-060;TEKİRDAĞ;1;2 Eylül 2021 Perşembe;3 Eylül 2021 Cuma;1
K168;130;T-060;TEKİRDAĞ;1;20 Eylül 2021 Pazartesi;23 Eylül 2021 Perşembe;3
K342;130;T-0152;TEKİRDAĞ;1;29 Eylül 2021 Çarşamba;7 Ekim 2021 Perşembe;8
K168;130;T-060;TEKİRDAĞ;1;12 Ekim 2021 Salı;15 Ekim 2021 Cuma;3
K168;130;T-060;TEKİRDAĞ;1;14 Ekim 2021 Perşembe;15 Ekim 2021 Cuma;1
K601;130;T-077;İSTANBUL;1;4 Kasım 2021 Perşembe;5 Kasım 2021 Cuma;1
K168;130;T-060;TEKİRDAĞ;1;16 Kasım 2021 Salı;17 Kasım 2021 Çarşamba;1
K168;130;T-060;TEKİRDAĞ;1;21 Aralık 2021 Salı;22 Aralık 2021 Çarşamba;1
K601;130;T-077;İSTANBUL;1;15 Şubat 2022 Salı;16 Şubat 2022 Çarşamba;1
K601;130;T-077;İSTANBUL;1;25 Nisan 2022 Pazartesi;26 Nisan 2022 Salı;1
K243;130;T-077;İSTANBUL;1;10 Mayıs 2022 Salı;11 Mayıs 2022 Çarşamba;1
K395;140;T-060;TEKİRDAĞ;1;8 Kasım 2019 Cuma;11 Kasım 2019 Pazartesi;3
K395;140;T-060;TEKİRDAĞ;1;28 Eylül 2020 Pazartesi;30 Eylül 2020 Çarşamba;2
K395;140;T-0142;;1;27 Nisan 2021 Salı;29 Nisan 2021 Perşembe;2
BY-834;140;T-034;İSTANBUL;0;24 Kasım 2021 Çarşamba;4 Aralık 2021 Cumartesi;10
K395;140;T-060;TEKİRDAĞ;1;17 Aralık 2021 Cuma;20 Aralık 2021 Pazartesi;3
K488;145;T-0211;KOCAELİ;1;16 Eylül 2019 Pazartesi;17 Eylül 2019 Salı;1
K1044;145;T-0211;KOCAELİ;1;7 Mart 2020 Cumartesi;9 Mart 2020 Pazartesi;2
K1044;145;T-0211;KOCAELİ;1;29 Mart 2022 Salı;30 Mart 2022 Çarşamba;1
K1022;150;T-0214;İSTANBUL;1;21 Haziran 2019 Cuma;24 Haziran 2019 Pazartesi;3
BY-849;150;T-034;İSTANBUL;0;21 Eylül 2019 Cumartesi;23 Eylül 2019 Pazartesi;2
BY-288;150;T-019;İSTANBUL;0;6 Nisan 2021 Salı;12 Nisan 2021 Pazartesi;6
K1010;150;T-0211;KOCAELİ;1;1 Temmuz 2021 Perşembe;8 Temmuz 2021 Perşembe;7
K765;150;T-060;TEKİRDAĞ;1;13 Aralık 2021 Pazartesi;24 Aralık 2021 Cuma;11
BY-455;150;T-019;İSTANBUL;0;26 Ocak 2022 Çarşamba;31 Ocak 2022 Pazartesi;5
K1010;175;T-0211;KOCAELİ;1;21 Ağustos 2019 Çarşamba;22 Ağustos 2019 Perşembe;1
K1010;175;T-0211;KOCAELİ;1;27 Eylül 2021 Pazartesi;28 Eylül 2021 Salı;1
K1010;175;T-0211;KOCAELİ;1;18 Kasım 2021 Perşembe;22 Kasım 2021 Pazartesi;4
K607;180;T-077;İSTANBUL;1;1 Temmuz 2019 Pazartesi;2 Temmuz 2019 Salı;1
K325;180;T-060;TEKİRDAĞ;1;12 Temmuz 2019 Cuma;16 Temmuz 2019 Salı;4
K607;180;T-077;İSTANBUL;1;6 Ocak 2020 Pazartesi;7 Ocak 2020 Salı;1
K325;180;T-060;TEKİRDAĞ;1;16 Ocak 2020 Perşembe;17 Ocak 2020 Cuma;1
K256;180;T-060;TEKİRDAĞ;1;28 Nisan 2020 Salı;29 Nisan 2020 Çarşamba;1
K256;180;T-060;TEKİRDAĞ;1;27 Ağustos 2020 Perşembe;31 Ağustos 2020 Pazartesi;4
K256;180;T-060;TEKİRDAĞ;1;8 Ekim 2020 Perşembe;9 Ekim 2020 Cuma;1
K325;180;T-060;TEKİRDAĞ;1;21 Ekim 2020 Çarşamba;23 Ekim 2020 Cuma;2
K325;180;T-060;TEKİRDAĞ;1;13 Kasım 2020 Cuma;16 Kasım 2020 Pazartesi;3
K325;180;T-060;TEKİRDAĞ;1;21 Aralık 2020 Pazartesi;22 Aralık 2020 Salı;1
K325;180;T-060;TEKİRDAĞ;1;14 Ocak 2021 Perşembe;18 Ocak 2021 Pazartesi;4
K607;180;T-077;İSTANBUL;1;20 Ocak 2021 Çarşamba;22 Ocak 2021 Cuma;2
BY-OP57;180;T-018;İSTANBUL;0;28 Ocak 2021 Perşembe;29 Ocak 2021 Cuma;1
K325;180;T-060;TEKİRDAĞ;1;26 Şubat 2021 Cuma;2 Mart 2021 Salı;4
K256;180;T-060;TEKİRDAĞ;1;9 Nisan 2021 Cuma;13 Nisan 2021 Salı;4
K256;180;T-060;TEKİRDAĞ;1;12 Nisan 2021 Pazartesi;13 Nisan 2021 Salı;1
K325;180;T-060;TEKİRDAĞ;1;12 Nisan 2021 Pazartesi;14 Nisan 2021 Çarşamba;2
K170;180;T22;TEKİRDAĞ;1;6 Mayıs 2021 Perşembe;7 Mayıs 2021 Cuma;1
BY-OP57;180;T-018;İSTANBUL;0;25 Mayıs 2021 Salı;27 Mayıs 2021 Perşembe;2
K325;180;T-060;TEKİRDAĞ;1;1 Haziran 2021 Salı;7 Haziran 2021 Pazartesi;6
K607;180;T-077;İSTANBUL;1;12 Temmuz 2021 Pazartesi;13 Temmuz 2021 Salı;1
K325;180;T-060;TEKİRDAĞ;1;20 Eylül 2021 Pazartesi;22 Eylül 2021 Çarşamba;2
K325;180;T-060;TEKİRDAĞ;1;18 Ekim 2021 Pazartesi;19 Ekim 2021 Salı;1
BY-OP57;180;T-018;İSTANBUL;0;2 Kasım 2021 Salı;3 Kasım 2021 Çarşamba;1
K325;180;T-060;TEKİRDAĞ;1;19 Kasım 2021 Cuma;23 Kasım 2021 Salı;4
K256;180;T-0142;;1;18 Ocak 2022 Salı;20 Ocak 2022 Perşembe;2
K325;180;T-060;TEKİRDAĞ;1;7 Şubat 2022 Pazartesi;8 Şubat 2022 Salı;1
K256;180;T-060;TEKİRDAĞ;1;15 Mart 2022 Salı;17 Mart 2022 Perşembe;2
K256;180;T-0142;;1;28 Mart 2022 Pazartesi;29 Mart 2022 Salı;1
K256;180;T-060;TEKİRDAĞ;1;14 Haziran 2022 Salı;17 Haziran 2022 Cuma;3
K240;200;T-077;İSTANBUL;1;14 Ekim 2019 Pazartesi;15 Ekim 2019 Salı;1
BY-455;200;T-019;İSTANBUL;0;7 Kasım 2019 Perşembe;8 Kasım 2019 Cuma;1
BY-157;200;T-019;İSTANBUL;0;7 Kasım 2019 Perşembe;8 Kasım 2019 Cuma;1
BY-721;200;T-015;İSTANBUL;0;26 Kasım 2019 Salı;27 Kasım 2019 Çarşamba;1
BY-347;200;T-015;İSTANBUL;0;3 Haziran 2020 Çarşamba;4 Haziran 2020 Perşembe;1
BY-721;200;T-015;İSTANBUL;0;30 Haziran 2020 Salı;1 Temmuz 2020 Çarşamba;1
K765;200;T-060;TEKİRDAĞ;1;8 Mart 2021 Pazartesi;9 Mart 2021 Salı;1
K853;200;T-0136;İSTANBUL;1;17 Haziran 2021 Perşembe;24 Haziran 2021 Perşembe;7
BY-496;200;T-019;İSTANBUL;0;20 Ağustos 2021 Cuma;23 Ağustos 2021 Pazartesi;3
K853;200;T-0136;İSTANBUL;1;9 Ekim 2021 Cumartesi;11 Ekim 2021 Pazartesi;2
K765;200;T-060;TEKİRDAĞ;1;15 Kasım 2021 Pazartesi;16 Kasım 2021 Salı;1
K628;240;T-015;İSTANBUL;1;21 Haziran 2019 Cuma;22 Haziran 2019 Cumartesi;1
K597;240;T-0127;İSTANBUL;1;22 Temmuz 2019 Pazartesi;26 Temmuz 2019 Cuma;4
K522;240;T-034;İSTANBUL;1;26 Temmuz 2019 Cuma;30 Temmuz 2019 Salı;4
K522;240;T-034;İSTANBUL;1;29 Temmuz 2019 Pazartesi;30 Temmuz 2019 Salı;1
K522;240;T-034;İSTANBUL;1;2 Ağustos 2019 Cuma;6 Ağustos 2019 Salı;4
K522;240;T-034;İSTANBUL;1;3 Temmuz 2019 Çarşamba;19 Ağustos 2019 Pazartesi;47
K1004;240;T-0211;KOCAELİ;1;6 Eylül 2019 Cuma;9 Eylül 2019 Pazartesi;3
K1004;240;T-0211;KOCAELİ;1;16 Eylül 2019 Pazartesi;17 Eylül 2019 Salı;1
K1004;240;T-0211;KOCAELİ;1;24 Ekim 2019 Perşembe;25 Ekim 2019 Cuma;1
K1004;240;T-0211;KOCAELİ;1;11 Kasım 2019 Pazartesi;12 Kasım 2019 Salı;1
K389;240;T-060;TEKİRDAĞ;1;16 Ocak 2020 Perşembe;17 Ocak 2020 Cuma;1
K1004;240;T-0211;KOCAELİ;1;22 Ocak 2020 Çarşamba;23 Ocak 2020 Perşembe;1
K1004;240;T-0211;KOCAELİ;1;26 Şubat 2020 Çarşamba;27 Şubat 2020 Perşembe;1
K389;240;T-060;TEKİRDAĞ;1;11 Mart 2020 Çarşamba;13 Mart 2020 Cuma;2
K1004;240;T-0211;KOCAELİ;1;11 Mayıs 2020 Pazartesi;12 Mayıs 2020 Salı;1
K857;240;T-0136;İSTANBUL;1;19 Haziran 2020 Cuma;24 Haziran 2020 Çarşamba;5
K1004;240;T-0211;KOCAELİ;1;13 Temmuz 2020 Pazartesi;14 Temmuz 2020 Salı;1
K389;240;T-060;TEKİRDAĞ;1;27 Ağustos 2020 Perşembe;31 Ağustos 2020 Pazartesi;4
K389;240;T-060;TEKİRDAĞ;1;2 Eylül 2020 Çarşamba;3 Eylül 2020 Perşembe;1
K1004;240;T-0211;KOCAELİ;1;23 Eylül 2020 Çarşamba;24 Eylül 2020 Perşembe;1
BY-OP02;240;T-018;İSTANBUL;0;28 Eylül 2020 Pazartesi;29 Eylül 2020 Salı;1
K9;240;T-060;TEKİRDAĞ;1;21 Ekim 2020 Çarşamba;23 Ekim 2020 Cuma;2
K9;240;T-060;TEKİRDAĞ;1;27 Ekim 2020 Salı;2 Kasım 2020 Pazartesi;6
K1004;240;T-0211;KOCAELİ;1;17 Kasım 2020 Salı;18 Kasım 2020 Çarşamba;1
K1004;240;T-0211;KOCAELİ;1;16 Aralık 2020 Çarşamba;17 Aralık 2020 Perşembe;1
K1004;240;T-0211;KOCAELİ;1;25 Ocak 2021 Pazartesi;26 Ocak 2021 Salı;1
K389;240;T-060;TEKİRDAĞ;1;15 Şubat 2021 Pazartesi;16 Şubat 2021 Salı;1
K727;240;T-0124;TEKİRDAĞ;1;22 Şubat 2021 Pazartesi;23 Şubat 2021 Salı;1
K1004;240;T-0211;KOCAELİ;1;1 Mart 2021 Pazartesi;2 Mart 2021 Salı;1
K256;240;T-060;TEKİRDAĞ;1;22 Mart 2021 Pazartesi;23 Mart 2021 Salı;1
K1004;240;T-0211;KOCAELİ;1;23 Mart 2021 Salı;24 Mart 2021 Çarşamba;1
K9;240;T-060;TEKİRDAĞ;1;23 Mart 2021 Salı;24 Mart 2021 Çarşamba;1
K390;240;T-0142;;1;6 Nisan 2021 Salı;7 Nisan 2021 Çarşamba;1
K389;240;T-0142;;1;6 Nisan 2021 Salı;7 Nisan 2021 Çarşamba;1
K389;240;T-0142;;1;12 Nisan 2021 Pazartesi;14 Nisan 2021 Çarşamba;2
K389;240;T-0142;;1;13 Nisan 2021 Salı;15 Nisan 2021 Perşembe;2
K1090;240;T-029;BURSA;1;15 Nisan 2021 Perşembe;16 Nisan 2021 Cuma;1
K9;240;T-0142;;1;21 Nisan 2021 Çarşamba;26 Nisan 2021 Pazartesi;5
K9;240;T-0142;;1;6 Mayıs 2021 Perşembe;7 Mayıs 2021 Cuma;1
K1004;240;T-0211;KOCAELİ;1;27 Mayıs 2021 Perşembe;28 Mayıs 2021 Cuma;1
K9;240;T-060;TEKİRDAĞ;1;11 Haziran 2021 Cuma;14 Haziran 2021 Pazartesi;3
K1004;240;T-0211;KOCAELİ;1;22 Haziran 2021 Salı;23 Haziran 2021 Çarşamba;1
K9;240;T-060;TEKİRDAĞ;1;22 Haziran 2021 Salı;23 Haziran 2021 Çarşamba;1
K470;240;T-0133;İSTANBUL;1;1 Temmuz 2021 Perşembe;2 Temmuz 2021 Cuma;1
K389;240;T-060;TEKİRDAĞ;1;12 Temmuz 2021 Pazartesi;13 Temmuz 2021 Salı;1
K1092;240;T-0211;KOCAELİ;1;13 Temmuz 2021 Salı;30 Temmuz 2021 Cuma;17
K1091;240;T-0211;KOCAELİ;1;4 Ağustos 2021 Çarşamba;5 Ağustos 2021 Perşembe;1
K9;240;T-060;TEKİRDAĞ;1;16 Ağustos 2021 Pazartesi;17 Ağustos 2021 Salı;1
K389;240;T-060;TEKİRDAĞ;1;3 Eylül 2021 Cuma;7 Eylül 2021 Salı;4
K1004;240;T-0211;KOCAELİ;1;11 Ekim 2021 Pazartesi;12 Ekim 2021 Salı;1
K165;240;T-015;İSTANBUL;1;2 Kasım 2021 Salı;3 Kasım 2021 Çarşamba;1
K597;240;T-0127;İSTANBUL;1;29 Kasım 2021 Pazartesi;30 Kasım 2021 Salı;1
K597;240;T-0127;İSTANBUL;1;9 Aralık 2021 Perşembe;10 Aralık 2021 Cuma;1
K1004;240;T-0211;KOCAELİ;1;21 Aralık 2021 Salı;22 Aralık 2021 Çarşamba;1
K1004;240;T-0211;KOCAELİ;1;1 Şubat 2022 Salı;2 Şubat 2022 Çarşamba;1
K1105;240;T-0127;İSTANBUL;1;25 Şubat 2022 Cuma;26 Şubat 2022 Cumartesi;1
K470;240;T-0133;İSTANBUL;1;7 Mart 2022 Pazartesi;8 Mart 2022 Salı;1
K1004;240;T-0211;KOCAELİ;1;8 Mart 2022 Salı;9 Mart 2022 Çarşamba;1
K470;240;T-0133;İSTANBUL;1;25 Nisan 2022 Pazartesi;27 Nisan 2022 Çarşamba;2
K389;240;T-060;TEKİRDAĞ;1;10 Mayıs 2022 Salı;11 Mayıs 2022 Çarşamba;1
K470;240;T-0133;İSTANBUL;1;23 Mayıs 2022 Pazartesi;24 Mayıs 2022 Salı;1
K389;240;T-060;TEKİRDAĞ;1;23 Mayıs 2022 Pazartesi;25 Mayıs 2022 Çarşamba;2
K203;250;T-038;İSTANBUL;1;13 Haziran 2019 Perşembe;17 Haziran 2019 Pazartesi;4
BY-849;250;T-034;İSTANBUL;0;9 Şubat 2021 Salı;10 Şubat 2021 Çarşamba;1
K1097;250;T-048;İSTANBUL;1;8 Temmuz 2021 Perşembe;3 Ağustos 2021 Salı;26
K243;260;T-077;İSTANBUL;1;24 Temmuz 2019 Çarşamba;31 Temmuz 2019 Çarşamba;7
K601;260;T-077;İSTANBUL;1;5 Eylül 2019 Perşembe;6 Eylül 2019 Cuma;1
K243;260;T-077;İSTANBUL;1;12 Kasım 2019 Salı;13 Kasım 2019 Çarşamba;1
K120;260;T-036;İSTANBUL;1;28 Kasım 2019 Perşembe;3 Aralık 2019 Salı;5
K243;260;T-077;İSTANBUL;1;7 Mayıs 2020 Perşembe;11 Mayıs 2020 Pazartesi;4
K342;260;T-0152;TEKİRDAĞ;1;8 Ekim 2020 Perşembe;9 Ekim 2020 Cuma;1
K1106;260;T-077;İSTANBUL;1;25 Ocak 2022 Salı;28 Ocak 2022 Cuma;3
K395;280;T-060;TEKİRDAĞ;1;28 Ocak 2021 Perşembe;1 Şubat 2021 Pazartesi;4
K395;280;T-060;TEKİRDAĞ;1;15 Mart 2021 Pazartesi;18 Mart 2021 Perşembe;3
K395;280;T-0142;;1;6 Nisan 2021 Salı;7 Nisan 2021 Çarşamba;1
K395;280;T-0142;;1;10 Mayıs 2021 Pazartesi;17 Mayıs 2021 Pazartesi;7
K395;280;T-060;TEKİRDAĞ;1;17 Haziran 2021 Perşembe;18 Haziran 2021 Cuma;1
K395;280;T-060;TEKİRDAĞ;1;30 Eylül 2021 Perşembe;1 Ekim 2021 Cuma;1
K395;280;T-060;TEKİRDAĞ;1;5 Ekim 2021 Salı;6 Ekim 2021 Çarşamba;1
K395;280;T-060;TEKİRDAĞ;1;21 Aralık 2021 Salı;22 Aralık 2021 Çarşamba;1
K395;280;T-060;TEKİRDAĞ;1;13 Ocak 2022 Perşembe;1 Şubat 2022 Salı;19
K1044;290;T-0211;KOCAELİ;1;8 Ekim 2020 Perşembe;9 Ekim 2020 Cuma;1
K1044;290;T-0211;KOCAELİ;1;15 Ekim 2020 Perşembe;16 Ekim 2020 Cuma;1
K1044;290;T-0211;KOCAELİ;1;27 Ekim 2020 Salı;30 Ekim 2020 Cuma;3
K1044;290;T-0211;KOCAELİ;1;1 Mart 2021 Pazartesi;2 Mart 2021 Salı;1
K607;300;T-077;İSTANBUL;1;24 Temmuz 2019 Çarşamba;5 Ağustos 2019 Pazartesi;12
BY-721;300;T-015;İSTANBUL;0;19 Ağustos 2019 Pazartesi;21 Ağustos 2019 Çarşamba;2
BY-707;300;T-015;İSTANBUL;0;19 Ağustos 2019 Pazartesi;21 Ağustos 2019 Çarşamba;2
BY-708;300;T-015;İSTANBUL;0;19 Ağustos 2019 Pazartesi;21 Ağustos 2019 Çarşamba;2
K607;300;T-077;İSTANBUL;1;12 Eylül 2019 Perşembe;13 Eylül 2019 Cuma;1
BY-287;300;T-015;İSTANBUL;0;12 Eylül 2019 Perşembe;13 Eylül 2019 Cuma;1
BY-287;300;T-015;İSTANBUL;0;12 Eylül 2019 Perşembe;17 Eylül 2019 Salı;5
K607;300;T-077;İSTANBUL;1;12 Kasım 2019 Salı;13 Kasım 2019 Çarşamba;1
K240;300;T-077;İSTANBUL;1;6 Ocak 2020 Pazartesi;7 Ocak 2020 Salı;1
K240;300;T-077;İSTANBUL;1;4 Şubat 2020 Salı;5 Şubat 2020 Çarşamba;1
K607;300;T-077;İSTANBUL;1;19 Mart 2020 Perşembe;20 Mart 2020 Cuma;1
BY-347;300;T-015;İSTANBUL;0;3 Nisan 2020 Cuma;9 Nisan 2020 Perşembe;6
K1053;300;T-0136;İSTANBUL;1;20 Temmuz 2020 Pazartesi;21 Temmuz 2020 Salı;1
K1053;300;T-0136;İSTANBUL;1;10 Ağustos 2020 Pazartesi;11 Ağustos 2020 Salı;1
K607;300;T-077;İSTANBUL;1;14 Eylül 2020 Pazartesi;16 Eylül 2020 Çarşamba;2
BY-496;300;T-019;İSTANBUL;0;16 Eylül 2020 Çarşamba;17 Eylül 2020 Perşembe;1
K607;300;T-077;İSTANBUL;1;22 Ekim 2020 Perşembe;23 Ekim 2020 Cuma;1
K607;300;T-077;İSTANBUL;1;8 Aralık 2020 Salı;9 Aralık 2020 Çarşamba;1
K256;300;T-060;TEKİRDAĞ;1;27 Ocak 2021 Çarşamba;29 Ocak 2021 Cuma;2
K256;300;T-060;TEKİRDAĞ;1;8 Şubat 2021 Pazartesi;11 Şubat 2021 Perşembe;3
K256;300;T-060;TEKİRDAĞ;1;8 Mart 2021 Pazartesi;9 Mart 2021 Salı;1
K607;300;T-077;İSTANBUL;1;9 Mart 2021 Salı;10 Mart 2021 Çarşamba;1
K1053;300;T-0136;İSTANBUL;1;23 Mart 2021 Salı;25 Mart 2021 Perşembe;2
K607;300;T-077;İSTANBUL;1;19 Nisan 2021 Pazartesi;20 Nisan 2021 Salı;1
BY-149;300;T-019;İSTANBUL;0;23 Nisan 2021 Cuma;26 Nisan 2021 Pazartesi;3
K256;300;T-060;TEKİRDAĞ;1;25 Mayıs 2021 Salı;27 Mayıs 2021 Perşembe;2
K256;300;T-060;TEKİRDAĞ;1;1 Haziran 2021 Salı;4 Haziran 2021 Cuma;3
K1010;300;T-0211;KOCAELİ;1;1 Temmuz 2021 Perşembe;6 Temmuz 2021 Salı;5
BY-287;300;T-015;İSTANBUL;0;1 Temmuz 2021 Perşembe;7 Temmuz 2021 Çarşamba;6
K256;300;T-060;TEKİRDAĞ;1;8 Temmuz 2021 Perşembe;9 Temmuz 2021 Cuma;1
K256;300;T-060;TEKİRDAĞ;1;27 Temmuz 2021 Salı;28 Temmuz 2021 Çarşamba;1
K256;300;T-060;TEKİRDAĞ;1;24 Eylül 2021 Cuma;28 Eylül 2021 Salı;4
K607;300;T-077;İSTANBUL;1;4 Ekim 2021 Pazartesi;5 Ekim 2021 Salı;1
K256;300;T-060;TEKİRDAĞ;1;18 Ekim 2021 Pazartesi;20 Ekim 2021 Çarşamba;2
K256;300;T-060;TEKİRDAĞ;1;21 Ekim 2021 Perşembe;22 Ekim 2021 Cuma;1
K607;300;T-077;İSTANBUL;1;8 Kasım 2021 Pazartesi;9 Kasım 2021 Salı;1
K256;300;T-060;TEKİRDAĞ;1;16 Aralık 2021 Perşembe;17 Aralık 2021 Cuma;1
K325;300;T-060;TEKİRDAĞ;1;21 Aralık 2021 Salı;22 Aralık 2021 Çarşamba;1
K256;300;T-060;TEKİRDAĞ;1;7 Şubat 2022 Pazartesi;8 Şubat 2022 Salı;1
K607;300;T-077;İSTANBUL;1;5 Nisan 2022 Salı;6 Nisan 2022 Çarşamba;1
K1061;320;T-0136;İSTANBUL;1;20 Temmuz 2020 Pazartesi;28 Temmuz 2020 Salı;8
K1061;320;T-0136;İSTANBUL;1;10 Ağustos 2020 Pazartesi;11 Ağustos 2020 Salı;1
K1010;325;T-0211;KOCAELİ;1;21 Ağustos 2019 Çarşamba;26 Ağustos 2019 Pazartesi;5
K1010;325;T-0211;KOCAELİ;1;27 Eylül 2021 Pazartesi;28 Eylül 2021 Salı;1
K1010;350;T-0211;KOCAELİ;1;9 Haziran 2022 Perşembe;10 Haziran 2022 Cuma;1
K788;360;T-060;TEKİRDAĞ;1;21 Haziran 2019 Cuma;24 Haziran 2019 Pazartesi;3
K788;360;T-060;TEKİRDAĞ;1;2 Temmuz 2019 Salı;4 Temmuz 2019 Perşembe;2
K522;360;T-034;İSTANBUL;1;3 Temmuz 2019 Çarşamba;5 Temmuz 2019 Cuma;2
K628;360;T-015;İSTANBUL;1;12 Temmuz 2019 Cuma;13 Temmuz 2019 Cumartesi;1
K522;360;T-034;İSTANBUL;1;9 Eylül 2019 Pazartesi;10 Eylül 2019 Salı;1
K352;360;T22;TEKİRDAĞ;1;20 Ocak 2020 Pazartesi;21 Ocak 2020 Salı;1
K851;360;T-0136;İSTANBUL;1;19 Haziran 2020 Cuma;23 Haziran 2020 Salı;4
K607;360;T-077;İSTANBUL;1;23 Temmuz 2020 Perşembe;24 Temmuz 2020 Cuma;1
K730;360;T-060;TEKİRDAĞ;1;28 Temmuz 2020 Salı;29 Temmuz 2020 Çarşamba;1
K730;360;T-060;TEKİRDAĞ;1;25 Ağustos 2020 Salı;27 Ağustos 2020 Perşembe;2
K522;360;T-034;İSTANBUL;1;2 Eylül 2020 Çarşamba;3 Eylül 2020 Perşembe;1
K389;360;T-060;TEKİRDAĞ;1;19 Kasım 2020 Perşembe;23 Kasım 2020 Pazartesi;4
K607;360;T-077;İSTANBUL;1;11 Ocak 2021 Pazartesi;12 Ocak 2021 Salı;1
K597;360;T-0127;İSTANBUL;1;5 Ocak 2021 Salı;12 Ocak 2021 Salı;7
K352;360;T22;TEKİRDAĞ;1;24 Mart 2021 Çarşamba;25 Mart 2021 Perşembe;1
K607;360;T-077;İSTANBUL;1;17 Mayıs 2021 Pazartesi;18 Mayıs 2021 Salı;1
K9;360;T-0142;;1;21 Mayıs 2021 Cuma;24 Mayıs 2021 Pazartesi;3
K389;360;T-060;TEKİRDAĞ;1;2 Eylül 2021 Perşembe;7 Eylül 2021 Salı;5
K9;360;T-060;TEKİRDAĞ;1;18 Kasım 2021 Perşembe;19 Kasım 2021 Cuma;1
K857;360;T-0136;İSTANBUL;1;9 Kasım 2021 Salı;15 Kasım 2021 Pazartesi;6
K352;360;T22;TEKİRDAĞ;1;1 Aralık 2021 Çarşamba;2 Aralık 2021 Perşembe;1
K1046;360;T-060;TEKİRDAĞ;1;21 Aralık 2021 Salı;22 Aralık 2021 Çarşamba;1
K607;360;T-077;İSTANBUL;1;14 Şubat 2022 Pazartesi;15 Şubat 2022 Salı;1
K9;360;T-060;TEKİRDAĞ;1;20 Mayıs 2022 Cuma;23 Mayıs 2022 Pazartesi;3
K1004;360;T-0211;KOCAELİ;1;30 Mayıs 2022 Pazartesi;31 Mayıs 2022 Salı;1
K243;390;T-077;İSTANBUL;1;1 Temmuz 2019 Pazartesi;2 Temmuz 2019 Salı;1
K243;390;T-077;İSTANBUL;1;27 Ağustos 2019 Salı;28 Ağustos 2019 Çarşamba;1
K243;390;T-077;İSTANBUL;1;14 Ekim 2019 Pazartesi;15 Ekim 2019 Salı;1
K243;390;T-077;İSTANBUL;1;2 Aralık 2019 Pazartesi;6 Aralık 2019 Cuma;4
K243;390;T-077;İSTANBUL;1;6 Ocak 2020 Pazartesi;7 Ocak 2020 Salı;1
K243;390;T-077;İSTANBUL;1;4 Şubat 2020 Salı;5 Şubat 2020 Çarşamba;1
K240;400;T-077;İSTANBUL;1;2 Aralık 2019 Pazartesi;3 Aralık 2019 Salı;1
K1010;400;T-0211;KOCAELİ;1;23 Kasım 2020 Pazartesi;24 Kasım 2020 Salı;1
K1010;400;T-0211;KOCAELİ;1;9 Haziran 2021 Çarşamba;10 Haziran 2021 Perşembe;1
K1053;400;T-0136;İSTANBUL;1;9 Ekim 2021 Cumartesi;11 Ekim 2021 Pazartesi;2
K853;400;T-0136;İSTANBUL;1;18 Ekim 2021 Pazartesi;19 Ekim 2021 Salı;1
K395;420;T-060;TEKİRDAĞ;1;5 Aralık 2019 Perşembe;6 Aralık 2019 Cuma;1
K607;420;T-077;İSTANBUL;1;17 Şubat 2020 Pazartesi;20 Şubat 2020 Perşembe;3
K607;420;T-077;İSTANBUL;1;22 Eylül 2020 Salı;23 Eylül 2020 Çarşamba;1
K1010;425;T-0211;KOCAELİ;1;27 Nisan 2021 Salı;28 Nisan 2021 Çarşamba;1
K1010;425;T-0211;KOCAELİ;1;9 Şubat 2022 Çarşamba;10 Şubat 2022 Perşembe;1
K1010;425;T-0211;KOCAELİ;1;26 Nisan 2022 Salı;9 Mayıs 2022 Pazartesi;13
K1010;450;T-0211;KOCAELİ;1;5 Mayıs 2021 Çarşamba;6 Mayıs 2021 Perşembe;1
K1010;450;T-0211;KOCAELİ;1;26 Ağustos 2021 Perşembe;1 Eylül 2021 Çarşamba;6
K1010;475;T-0211;KOCAELİ;1;15 Ekim 2021 Cuma;18 Ekim 2021 Pazartesi;3
K1010;475;T-0211;KOCAELİ;1;21 Şubat 2022 Pazartesi;22 Şubat 2022 Salı;1
K788;480;T-060;TEKİRDAĞ;1;3 Eylül 2019 Salı;4 Eylül 2019 Çarşamba;1
K597;480;T-0127;İSTANBUL;1;12 Kasım 2019 Salı;13 Kasım 2019 Çarşamba;1
K597;480;T-0127;İSTANBUL;1;25 Kasım 2019 Pazartesi;27 Kasım 2019 Çarşamba;2
K597;480;T-0127;İSTANBUL;1;10 Aralık 2019 Salı;12 Aralık 2019 Perşembe;2
K597;480;T-0127;İSTANBUL;1;20 Ocak 2020 Pazartesi;21 Ocak 2020 Salı;1
K857;480;T-0136;İSTANBUL;1;28 Eylül 2020 Pazartesi;29 Eylül 2020 Salı;1
K389;480;T-060;TEKİRDAĞ;1;15 Ekim 2020 Perşembe;16 Ekim 2020 Cuma;1
K389;480;T-060;TEKİRDAĞ;1;3 Aralık 2020 Perşembe;4 Aralık 2020 Cuma;1
K352;480;T22;TEKİRDAĞ;1;11 Ocak 2021 Pazartesi;12 Ocak 2021 Salı;1
K1061;480;T-0136;İSTANBUL;1;11 Ocak 2021 Pazartesi;27 Ocak 2021 Çarşamba;16
K389;480;T-060;TEKİRDAĞ;1;1 Haziran 2021 Salı;4 Haziran 2021 Cuma;3
K389;480;T-060;TEKİRDAĞ;1;1 Temmuz 2021 Perşembe;2 Temmuz 2021 Cuma;1
K9;480;T-060;TEKİRDAĞ;1;2 Ağustos 2021 Pazartesi;4 Ağustos 2021 Çarşamba;2
K522;480;T-034;İSTANBUL;1;24 Ağustos 2021 Salı;27 Ağustos 2021 Cuma;3
K9;480;T-060;TEKİRDAĞ;1;27 Eylül 2021 Pazartesi;28 Eylül 2021 Salı;1
K389;480;T-060;TEKİRDAĞ;1;5 Ekim 2021 Salı;6 Ekim 2021 Çarşamba;1
K1061;480;T-0136;İSTANBUL;1;9 Ekim 2021 Cumartesi;11 Ekim 2021 Pazartesi;2
K389;480;T-060;TEKİRDAĞ;1;18 Ekim 2021 Pazartesi;20 Ekim 2021 Çarşamba;2
K352;480;T22;TEKİRDAĞ;1;10 Aralık 2021 Cuma;13 Aralık 2021 Pazartesi;3
K9;480;T-060;TEKİRDAĞ;1;25 Ocak 2022 Salı;27 Ocak 2022 Perşembe;2
K9;480;T-060;TEKİRDAĞ;1;4 Şubat 2022 Cuma;7 Şubat 2022 Pazartesi;3
K389;480;T-060;TEKİRDAĞ;1;7 Şubat 2022 Pazartesi;8 Şubat 2022 Salı;1
K9;480;T-060;TEKİRDAĞ;1;4 Nisan 2022 Pazartesi;6 Nisan 2022 Çarşamba;2
K9;480;T-0142;;1;25 Nisan 2022 Pazartesi;26 Nisan 2022 Salı;1
K352;480;T22;TEKİRDAĞ;1;26 Nisan 2022 Salı;27 Nisan 2022 Çarşamba;1
K788;480;T-060;TEKİRDAĞ;1;12 Nisan 2022 Salı;9 Mayıs 2022 Pazartesi;27
K9;480;T-060;TEKİRDAĞ;1;10 Mayıs 2022 Salı;13 Mayıs 2022 Cuma;3
K9;480;T-060;TEKİRDAĞ;1;23 Mayıs 2022 Pazartesi;24 Mayıs 2022 Salı;1
K597;480;T-0127;İSTANBUL;1;27 Mayıs 2022 Cuma;30 Mayıs 2022 Pazartesi;3
K1010;500;T-0211;KOCAELİ;1;26 Temmuz 2019 Cuma;29 Temmuz 2019 Pazartesi;3
K1010;500;T-0211;KOCAELİ;1;7 Eylül 2019 Cumartesi;10 Eylül 2019 Salı;3
K1010;500;T-0211;KOCAELİ;1;14 Ekim 2019 Pazartesi;15 Ekim 2019 Salı;1
K1010;500;T-0211;KOCAELİ;1;8 Kasım 2019 Cuma;11 Kasım 2019 Pazartesi;3
K1010;500;T-0211;KOCAELİ;1;14 Ocak 2020 Salı;15 Ocak 2020 Çarşamba;1
K1010;500;T-0211;KOCAELİ;1;5 Mart 2020 Perşembe;6 Mart 2020 Cuma;1
K1010;500;T-0211;KOCAELİ;1;4 Haziran 2020 Perşembe;5 Haziran 2020 Cuma;1
K1010;500;T-0211;KOCAELİ;1;13 Temmuz 2020 Pazartesi;16 Temmuz 2020 Perşembe;3
K1010;500;T-0211;KOCAELİ;1;31 Ağustos 2020 Pazartesi;1 Eylül 2020 Salı;1
BY-496;500;T-019;İSTANBUL;0;16 Eylül 2020 Çarşamba;17 Eylül 2020 Perşembe;1
K1010;500;T-0211;KOCAELİ;1;18 Eylül 2020 Cuma;21 Eylül 2020 Pazartesi;3
K1010;500;T-0211;KOCAELİ;1;8 Ekim 2020 Perşembe;9 Ekim 2020 Cuma;1
K1010;500;T-0211;KOCAELİ;1;9 Kasım 2020 Pazartesi;10 Kasım 2020 Salı;1
K1010;500;T-0211;KOCAELİ;1;1 Aralık 2020 Salı;2 Aralık 2020 Çarşamba;1
K1010;500;T-0211;KOCAELİ;1;2 Şubat 2021 Salı;3 Şubat 2021 Çarşamba;1
K1010;500;T-0211;KOCAELİ;1;8 Mart 2021 Pazartesi;9 Mart 2021 Salı;1
K1010;500;T-0211;KOCAELİ;1;31 Mart 2021 Çarşamba;1 Nisan 2021 Perşembe;1
K1010;500;T-0211;KOCAELİ;1;8 Nisan 2021 Perşembe;9 Nisan 2021 Cuma;1
K1010;500;T-0211;KOCAELİ;1;20 Nisan 2021 Salı;21 Nisan 2021 Çarşamba;1
K1010;500;T-0211;KOCAELİ;1;17 Mayıs 2021 Pazartesi;18 Mayıs 2021 Salı;1
K1010;500;T-0211;KOCAELİ;1;27 Mayıs 2021 Perşembe;28 Mayıs 2021 Cuma;1
K1010;500;T-0211;KOCAELİ;1;1 Haziran 2021 Salı;2 Haziran 2021 Çarşamba;1
K1010;500;T-0211;KOCAELİ;1;15 Haziran 2021 Salı;16 Haziran 2021 Çarşamba;1
K1010;500;T-0211;KOCAELİ;1;25 Haziran 2021 Cuma;28 Haziran 2021 Pazartesi;3
BY-287;500;T-015;İSTANBUL;0;1 Temmuz 2021 Perşembe;6 Temmuz 2021 Salı;5
K1010;500;T-0211;KOCAELİ;1;6 Temmuz 2021 Salı;10 Temmuz 2021 Cumartesi;4
K1010;500;T-0211;KOCAELİ;1;13 Temmuz 2021 Salı;30 Temmuz 2021 Cuma;17
K1010;500;T-0211;KOCAELİ;1;13 Temmuz 2021 Salı;30 Temmuz 2021 Cuma;17
K1010;500;T-0211;KOCAELİ;1;19 Ağustos 2021 Perşembe;20 Ağustos 2021 Cuma;1
K1010;500;T-0211;KOCAELİ;1;6 Eylül 2021 Pazartesi;8 Eylül 2021 Çarşamba;2
K1010;500;T-0211;KOCAELİ;1;9 Eylül 2021 Perşembe;10 Eylül 2021 Cuma;1
K1010;500;T-0211;KOCAELİ;1;11 Ekim 2021 Pazartesi;12 Ekim 2021 Salı;1
K1010;500;T-0211;KOCAELİ;1;22 Ekim 2021 Cuma;25 Ekim 2021 Pazartesi;3
K1010;500;T-0211;KOCAELİ;1;8 Mart 2022 Salı;9 Mart 2022 Çarşamba;1
K243;520;T-077;İSTANBUL;1;24 Şubat 2020 Pazartesi;25 Şubat 2020 Salı;1
K1010;575;T-0211;KOCAELİ;1;27 Haziran 2019 Perşembe;28 Haziran 2019 Cuma;1
K1010;575;T-0211;KOCAELİ;1;26 Nisan 2022 Salı;27 Nisan 2022 Çarşamba;1
K1044;580;T-0211;KOCAELİ;1;3 Kasım 2020 Salı;4 Kasım 2020 Çarşamba;1
K522;600;T-034;İSTANBUL;1;11 Temmuz 2019 Perşembe;12 Temmuz 2019 Cuma;1
K788;600;T-060;TEKİRDAĞ;1;1 Kasım 2019 Cuma;5 Kasım 2019 Salı;4
K522;600;T-034;İSTANBUL;1;11 Ağustos 2020 Salı;14 Ağustos 2020 Cuma;3
BY-708;600;T-015;İSTANBUL;0;11 Mart 2021 Perşembe;12 Mart 2021 Cuma;1
BY-708;600;T-015;İSTANBUL;0;11 Mart 2021 Perşembe;27 Mart 2021 Cumartesi;16
BY-287;600;T-015;İSTANBUL;0;1 Temmuz 2021 Perşembe;8 Temmuz 2021 Perşembe;7
BY-287;600;T-015;İSTANBUL;0;7 Ekim 2021 Perşembe;9 Ekim 2021 Cumartesi;2
BY-287;600;T-015;İSTANBUL;0;8 Ekim 2021 Cuma;11 Ekim 2021 Pazartesi;3
K389;600;T-060;TEKİRDAĞ;1;21 Ekim 2021 Perşembe;23 Ekim 2021 Cumartesi;2
K1097;600;T-048;İSTANBUL;1;24 Eylül 2021 Cuma;17 Kasım 2021 Çarşamba;54
BY-287;600;T-015;İSTANBUL;0;4 Aralık 2021 Cumartesi;7 Aralık 2021 Salı;3
K256;600;T-060;TEKİRDAĞ;1;21 Aralık 2021 Salı;22 Aralık 2021 Çarşamba;1
K9;600;T-060;TEKİRDAĞ;1;21 Aralık 2021 Salı;22 Aralık 2021 Çarşamba;1
K1061;640;T-0136;İSTANBUL;1;30 Nisan 2021 Cuma;5 Mayıs 2021 Çarşamba;5
K1010;650;T-0211;KOCAELİ;1;9 Haziran 2022 Perşembe;10 Haziran 2022 Cuma;1
K788;720;T-060;TEKİRDAĞ;1;16 Temmuz 2019 Salı;17 Temmuz 2019 Çarşamba;1
K788;720;T-060;TEKİRDAĞ;1;26 Ağustos 2019 Pazartesi;28 Ağustos 2019 Çarşamba;2
K1010;825;T-0211;KOCAELİ;1;18 Kasım 2021 Perşembe;22 Kasım 2021 Pazartesi;4
K788;840;T-060;TEKİRDAĞ;1;28 Haziran 2019 Cuma;1 Temmuz 2019 Pazartesi;3
K788;840;T-060;TEKİRDAĞ;1;16 Aralık 2019 Pazartesi;17 Aralık 2019 Salı;1
K788;840;T-060;TEKİRDAĞ;1;16 Mart 2020 Pazartesi;18 Mart 2020 Çarşamba;2
K730;840;T-060;TEKİRDAĞ;1;18 Ağustos 2020 Salı;19 Ağustos 2020 Çarşamba;1
K788;840;T-060;TEKİRDAĞ;1;1 Eylül 2020 Salı;2 Eylül 2020 Çarşamba;1
K730;840;T-060;TEKİRDAĞ;1;17 Mart 2021 Çarşamba;18 Mart 2021 Perşembe;1
K522;840;T-034;İSTANBUL;1;4 Ekim 2021 Pazartesi;7 Ekim 2021 Perşembe;3
K1010;900;T-0211;KOCAELİ;1;29 Mart 2022 Salı;30 Mart 2022 Çarşamba;1
K669;920;T-0211;KOCAELİ;1;17 Kasım 2020 Salı;18 Kasım 2020 Çarşamba;1
K788;940;T-060;TEKİRDAĞ;1;1 Haziran 2021 Salı;4 Haziran 2021 Cuma;3
K452;950;T-029;BURSA;1;23 Temmuz 2020 Perşembe;24 Temmuz 2020 Cuma;1
K452;950;T-029;BURSA;1;8 Aralık 2021 Çarşamba;10 Aralık 2021 Cuma;2
K788;960;T-060;TEKİRDAĞ;1;16 Ocak 2020 Perşembe;17 Ocak 2020 Cuma;1
K788;960;T-060;TEKİRDAĞ;1;28 Ocak 2020 Salı;29 Ocak 2020 Çarşamba;1
K788;960;T-060;TEKİRDAĞ;1;4 Şubat 2021 Perşembe;5 Şubat 2021 Cuma;1
K730;960;T-0142;;1;20 Mayıs 2021 Perşembe;21 Mayıs 2021 Cuma;1
K522;960;T-034;İSTANBUL;1;14 Eylül 2021 Salı;15 Eylül 2021 Çarşamba;1
K730;960;T-060;TEKİRDAĞ;1;20 Eylül 2021 Pazartesi;24 Eylül 2021 Cuma;4
K788;960;T-060;TEKİRDAĞ;1;20 Eylül 2021 Pazartesi;24 Eylül 2021 Cuma;4
K1117;960;T-0211;KOCAELİ;1;12 Nisan 2022 Salı;13 Nisan 2022 Çarşamba;1
K407;964;T-0133;İSTANBUL;1;11 Ocak 2021 Pazartesi;12 Ocak 2021 Salı;1
